Board,Signature,block,status,reason,refused,case,crl_load_us,crl_B,before,bundle_B,ca_B,fetch_ms,verify_us,tamper_refused,flash_write_us,flash_read_us,after,tls_ms,devaddr,fcnt_start,fcnt_last,reserved,gap,saves,save_us_median,save_us_max,last_before_reboot,resumed_at,continues,same_devaddr
rp2040,DEPLOY,refuse TLS wrong-name,OK,tls handshake failed: peer ip address mismatch,1,wrong-name,29846,2562,,,,,,,,,,,,,,,,,,,,,,
rp2040,DEPLOY,refuse TLS revoked,OK,tls handshake failed: CRL Cert revoked,1,revoked,29350,2562,,,,,,,,,,,,,,,,,,,,,,
rp2040,DEPLOY,refuse TLS expired,OK,"tls handshake failed: ASN date error, current date is after expiration",1,expired,29550,2562,,,,,,,,,,,,,,,,,,,,,,
rp2040,DEPLOY,ta TLS update,OK,before the update: tls handshake failed: ASN no signer error to confirm failure,,,,,refused,6429,4003,24.9,32816,1,46876,1379,accepted,282.8,,,,,,,,,,,,
rp2040,DEPLOY,fcnt plain save,OK,,,,,,,,,,,,,,,,c4814f9a,320,520,576,64,3,4562,66496,,,,
rp2040,DEPLOY,fcnt plain resume,OK,,,,,,,,,,,,,,,,c4814f9a,,576,,,,,,520,576,1,1
rp2040,DEPLOY_RSA2048,refuse TLS wrong-name,OK,tls handshake failed: peer ip address mismatch,1,wrong-name,27568,411,,,,,,,,,,,,,,,,,,,,,,
rp2040,DEPLOY_RSA2048,refuse TLS revoked,OK,tls handshake failed: CRL Cert revoked,1,revoked,27093,411,,,,,,,,,,,,,,,,,,,,,,
rp2040,DEPLOY_RSA2048,refuse TLS expired,OK,"tls handshake failed: ASN date error, current date is after expiration",1,expired,27099,411,,,,,,,,,,,,,,,,,,,,,,
rp2040,DEPLOY_RSA3072,refuse TLS wrong-name,OK,tls handshake failed: peer ip address mismatch,1,wrong-name,59299,539,,,,,,,,,,,,,,,,,,,,,,
rp2040,DEPLOY_RSA3072,refuse TLS revoked,OK,tls handshake failed: CRL Cert revoked,1,revoked,58757,539,,,,,,,,,,,,,,,,,,,,,,
rp2040,DEPLOY_RSA3072,refuse TLS expired,OK,"tls handshake failed: ASN date error, current date is after expiration",1,expired,59393,539,,,,,,,,,,,,,,,,,,,,,,
rp2040,DEPLOY_ECDSAP256,refuse TLS wrong-name,OK,tls handshake failed: peer ip address mismatch,1,wrong-name,99017,218,,,,,,,,,,,,,,,,,,,,,,
rp2040,DEPLOY_ECDSAP256,refuse TLS revoked,OK,tls handshake failed: CRL Cert revoked,1,revoked,98376,218,,,,,,,,,,,,,,,,,,,,,,
rp2040,DEPLOY_ECDSAP256,refuse TLS expired,OK,"tls handshake failed: ASN date error, current date is after expiration",1,expired,98358,218,,,,,,,,,,,,,,,,,,,,,,
rp2040,DEPLOY_ED25519,refuse TLS wrong-name,OK,tls handshake failed: peer ip address mismatch,1,wrong-name,76314,199,,,,,,,,,,,,,,,,,,,,,,
rp2040,DEPLOY_ED25519,refuse TLS revoked,OK,tls handshake failed: CRL Cert revoked,1,revoked,75998,199,,,,,,,,,,,,,,,,,,,,,,
rp2040,DEPLOY_ED25519,refuse TLS expired,OK,"tls handshake failed: ASN date error, current date is after expiration",1,expired,76168,199,,,,,,,,,,,,,,,,,,,,,,
rp2040,DEPLOY_MLDSA65,refuse TLS wrong-name,OK,tls handshake failed: peer ip address mismatch,1,wrong-name,46322,3459,,,,,,,,,,,,,,,,,,,,,,
rp2040,DEPLOY_MLDSA65,refuse TLS revoked,OK,tls handshake failed: CRL Cert revoked,1,revoked,46213,3459,,,,,,,,,,,,,,,,,,,,,,
rp2040,DEPLOY_MLDSA65,refuse TLS expired,OK,"tls handshake failed: ASN date error, current date is after expiration",1,expired,46180,3459,,,,,,,,,,,,,,,,,,,,,,
rp2040,DEPLOY_MLDSA87,refuse TLS wrong-name,OK,tls handshake failed: peer ip address mismatch,1,wrong-name,75578,4777,,,,,,,,,,,,,,,,,,,,,,
rp2040,DEPLOY_MLDSA87,refuse TLS revoked,OK,tls handshake failed: CRL Cert revoked,1,revoked,75516,4777,,,,,,,,,,,,,,,,,,,,,,
rp2040,DEPLOY_MLDSA87,refuse TLS expired,OK,"tls handshake failed: ASN date error, current date is after expiration",1,expired,75572,4777,,,,,,,,,,,,,,,,,,,,,,
rp2040,DEPLOY_FALCON1024,refuse TLS wrong-name,OK,tls handshake failed: peer ip address mismatch,1,wrong-name,16111,1419,,,,,,,,,,,,,,,,,,,,,,
rp2040,DEPLOY_FALCON1024,refuse TLS revoked,OK,tls handshake failed: CRL Cert revoked,1,revoked,15464,1419,,,,,,,,,,,,,,,,,,,,,,
rp2040,DEPLOY_FALCON1024,refuse TLS expired,OK,"tls handshake failed: ASN date error, current date is after expiration",1,expired,15464,1419,,,,,,,,,,,,,,,,,,,,,,
