Board,KEM,iter,idx,keygen_us,rtt_us,decaps_us,encaps_us,tx_B,rx_B,sign_us,verify_us
pi4,ML-KEM-768 plain,0,0,116.554,4841.643,146.683,41,1217,1146,,
pi4,ML-KEM-768 plain,0,1,112.776,6771.445,145.312,52,1217,1146,,
pi4,ML-KEM-768 plain,0,2,111.776,5969.124,222.589,41,1217,1146,,
pi4,ML-KEM-768 plain,0,3,153.868,7733.911,197.311,56,1217,1146,,
pi4,ML-KEM-768 plain,0,4,140.201,8364.456,180.756,59,1217,1146,,
pi4,ML-KEM-768 plain,0,5,138.683,10337.146,222.700,39,1217,1146,,
pi4,ML-KEM-768 plain,0,6,140.257,7809.150,182.386,32,1217,1146,,
pi4,ML-KEM-768 plain,0,7,140.257,7426.231,181.238,50,1217,1146,,
pi4,ML-KEM-768 plain,0,8,139.257,5175.841,180.478,50,1217,1146,,
pi4,ML-KEM-768 plain,0,9,138.498,5332.580,184.831,42,1217,1146,,
pi4,ML-KEM-768 plain,0,10,139.071,6239.139,179.701,29,1217,1146,,
pi4,ML-KEM-768 plain,0,11,138.553,8121.294,179.127,39,1217,1146,,
pi4,ML-KEM-768 plain,0,12,138.979,7492.323,179.516,50,1217,1146,,
pi4,ML-KEM-768 plain,0,13,138.294,8269.846,179.460,240,1217,1146,,
pi4,ML-KEM-768 plain,0,14,138.497,10625.049,252.700,76,1217,1146,,
pi4,ML-KEM-768 plain,0,15,148.590,6531.708,236.348,78,1217,1146,,
pi4,ML-KEM-768 plain,0,16,162.423,7780.058,212.811,71,1217,1146,,
pi4,ML-KEM-768 plain,0,17,162.034,8549.102,208.256,38,1217,1146,,
pi4,ML-KEM-768 plain,0,18,159.368,5839.905,206.293,37,1217,1146,,
pi4,ML-KEM-768 plain,0,19,159.386,6327.841,236.996,35,1217,1146,,
pi4,ML-KEM-768 plain,0,20,163.053,8160.348,235.681,39,1217,1146,,
pi4,ML-KEM-768 plain,0,21,162.183,8514.843,209.423,38,1217,1146,,
pi4,ML-KEM-768 plain,0,22,171.016,7669.152,215.756,41,1217,1146,,
pi4,ML-KEM-768 plain,0,23,158.831,5670.871,206.793,41,1217,1146,,
pi4,ML-KEM-768 plain,0,24,159.238,7933.611,206.848,34,1217,1146,,
pi4,ML-KEM-768 plain,0,25,158.664,10490.015,250.663,34,1217,1146,,
pi4,ML-KEM-768 plain,0,26,175.646,4983.771,223.071,36,1217,1146,,
pi4,ML-KEM-768 plain,0,27,160.072,8981.483,227.274,32,1217,1146,,
pi4,ML-KEM-768 plain,0,28,143.609,4958.622,187.645,33,1217,1146,,
pi4,ML-KEM-768 plain,0,29,140.016,5480.170,182.182,26,1217,1146,,
pi4,ML-KEM-768 plain,0,30,148.405,5753.073,191.071,35,1217,1146,,
pi4,ML-KEM-768 plain,0,31,139.220,11704.680,181.868,35,1217,1146,,
pi4,ML-KEM-768 plain,0,32,138.591,7156.902,181.460,33,1217,1146,,
pi4,ML-KEM-768 plain,0,33,138.665,10489.291,180.663,74,1217,1146,,
pi4,ML-KEM-768 plain,0,34,138.534,6904.980,180.701,35,1217,1146,,
pi4,ML-KEM-768 plain,0,35,138.886,6334.341,181.238,36,1217,1146,,
pi4,ML-KEM-768 plain,0,36,138.942,5683.963,180.442,472,1217,1146,,
pi4,ML-KEM-768 plain,0,37,138.997,4757.126,180.015,34,1217,1146,,
pi4,ML-KEM-768 plain,0,38,138.535,12948.474,180.423,35,1217,1146,,
pi4,ML-KEM-768 plain,0,39,138.646,7532.266,180.608,33,1217,1146,,
pi4,ML-KEM-768 plain,0,40,138.276,6690.132,245.904,35,1217,1146,,
pi4,ML-KEM-768 plain,0,41,162.831,4701.701,210.812,42,1217,1146,,
pi4,ML-KEM-768 plain,0,42,159.386,5744.055,236.088,59,1217,1146,,
pi4,ML-KEM-768 plain,0,43,159.534,8018.684,210.849,36,1217,1146,,
pi4,ML-KEM-768 plain,0,44,158.775,8084.275,205.867,46,1217,1146,,
pi4,ML-KEM-768 plain,0,45,158.072,5261.785,206.664,36,1217,1146,,
pi4,ML-KEM-768 plain,0,46,157.960,5041.603,279.662,36,1217,1146,,
pi4,ML-KEM-768 plain,0,47,166.590,7749.077,227.255,32,1217,1146,,
pi4,ML-KEM-768 plain,0,48,160.812,4906.494,207.108,35,1217,1146,,
pi4,ML-KEM-768 plain,0,49,157.923,8632.692,206.256,34,1217,1146,,
pi4,ML-KEM-768 mTLS,0,0,67.962,7747.392,108.850,32,1239,1168,,
pi4,ML-KEM-768 mTLS,0,1,66.018,5491.225,85.573,60,1239,1168,,
pi4,ML-KEM-768 mTLS,0,2,63.592,4696.868,93.369,36,1239,1168,,
pi4,ML-KEM-768 mTLS,0,3,63.314,5742.981,84.962,29,1239,1168,,
pi4,ML-KEM-768 mTLS,0,4,63.573,5249.025,84.295,29,1239,1168,,
pi4,ML-KEM-768 mTLS,0,5,62.203,8196.625,83.498,34,1239,1168,,
pi4,ML-KEM-768 mTLS,0,6,62.518,5313.932,83.572,45,1239,1168,,
pi4,ML-KEM-768 mTLS,0,7,62.073,7745.818,83.499,48,1239,1168,,
pi4,ML-KEM-768 mTLS,0,8,62.091,7811.614,83.498,51,1239,1168,,
pi4,ML-KEM-768 mTLS,0,9,62.240,5487.114,83.536,53,1239,1168,,
pi4,ML-KEM-768 mTLS,0,10,62.444,5601.686,134.591,35,1239,1168,,
pi4,ML-KEM-768 mTLS,0,11,67.906,6295.694,89.776,44,1239,1168,,
pi4,ML-KEM-768 mTLS,0,12,63.092,7523.007,123.369,34,1239,1168,,
pi4,ML-KEM-768 mTLS,0,13,66.110,9304.033,88.832,45,1239,1168,,
pi4,ML-KEM-768 mTLS,0,14,63.480,8334.568,128.980,44,1239,1168,,
pi4,ML-KEM-768 mTLS,0,15,67.647,9848.025,87.795,41,1239,1168,,
pi4,ML-KEM-768 mTLS,0,16,62.925,5762.258,85.128,33,1239,1168,,
pi4,ML-KEM-768 mTLS,0,17,62.425,7989.184,84.425,44,1239,1168,,
pi4,ML-KEM-768 mTLS,0,18,62.128,7769.539,98.739,43,1239,1168,,
pi4,ML-KEM-768 mTLS,0,19,64.110,10441.292,84.998,41,1239,1168,,
pi4,ML-KEM-768 mTLS,0,20,62.925,5158.027,121.091,39,1239,1168,,
pi4,ML-KEM-768 mTLS,0,21,67.055,6800.389,87.277,30,1239,1168,,
pi4,ML-KEM-768 mTLS,0,22,63.110,5919.033,86.406,39,1239,1168,,
pi4,ML-KEM-768 mTLS,0,23,62.610,6354.563,84.628,30,1239,1168,,
pi4,ML-KEM-768 mTLS,0,24,63.129,6052.401,83.295,34,1239,1168,,
pi4,ML-KEM-768 mTLS,0,25,62.591,5649.741,82.814,40,1239,1168,,
pi4,ML-KEM-768 mTLS,0,26,62.480,5446.337,83.961,38,1239,1168,,
pi4,ML-KEM-768 mTLS,0,27,62.554,9827.987,135.979,36,1239,1168,,
pi4,ML-KEM-768 mTLS,0,28,66.907,7596.876,119.072,33,1239,1168,,
pi4,ML-KEM-768 mTLS,0,29,86.313,9328.441,90.776,31,1239,1168,,
pi4,ML-KEM-768 mTLS,0,30,63.536,5887.626,85.647,43,1239,1168,,
pi4,ML-KEM-768 mTLS,0,31,66.870,5593.501,88.961,53,1239,1168,,
pi4,ML-KEM-768 mTLS,0,32,62.258,6583.244,102.906,30,1239,1168,,
pi4,ML-KEM-768 mTLS,0,33,63.295,8232.662,84.591,32,1239,1168,,
pi4,ML-KEM-768 mTLS,0,34,62.406,5767.351,83.202,33,1239,1168,,
pi4,ML-KEM-768 mTLS,0,35,62.240,7448.212,82.943,34,1239,1168,,
pi4,ML-KEM-768 mTLS,0,36,62.536,5488.448,82.943,34,1239,1168,,
pi4,ML-KEM-768 mTLS,0,37,62.203,5171.490,83.313,28,1239,1168,,
pi4,ML-KEM-768 mTLS,0,38,62.350,5958.940,83.591,35,1239,1168,,
pi4,ML-KEM-768 mTLS,0,39,62.665,7833.780,82.554,35,1239,1168,,
pi4,ML-KEM-768 mTLS,0,40,66.369,8037.220,87.499,37,1239,1168,,
pi4,ML-KEM-768 mTLS,0,41,61.944,9421.476,82.721,34,1239,1168,,
pi4,ML-KEM-768 mTLS,0,42,62.165,8408.622,115.443,32,1239,1168,,
pi4,ML-KEM-768 mTLS,0,43,66.369,10793.527,86.313,38,1239,1168,,
pi4,ML-KEM-768 mTLS,0,44,62.851,8229.551,84.758,37,1239,1168,,
pi4,ML-KEM-768 mTLS,0,45,62.739,5012.233,85.517,47,1239,1168,,
pi4,ML-KEM-768 mTLS,0,46,62.313,4917.142,83.684,33,1239,1168,,
pi4,ML-KEM-768 mTLS,0,47,66.536,9108.277,87.739,36,1239,1168,,
pi4,ML-KEM-768 mTLS,0,48,62.110,8018.017,121.998,32,1239,1168,,
pi4,ML-KEM-768 mTLS,0,49,66.314,4907.364,86.629,52,1239,1168,,
pi4,ML-KEM-768 signed,0,0,64.277,9880.654,102.739,39,3638,3566,2590.550,500.973
pi4,ML-KEM-768 signed,0,1,65.110,8209.847,98.906,36,3638,3566,7980.055,486.918
pi4,ML-KEM-768 signed,0,2,63.536,10479.200,101.368,40,3638,3566,1749.435,493.529
pi4,ML-KEM-768 signed,0,3,63.017,8407.974,93.665,32,3638,3566,1336.256,483.788
pi4,ML-KEM-768 signed,0,4,62.888,8663.729,92.813,36,3638,3566,918.966,482.492
pi4,ML-KEM-768 signed,0,5,62.481,9356.070,97.646,37,3638,3566,934.133,482.455
pi4,ML-KEM-768 signed,0,6,84.555,9886.061,121.942,43,3638,3566,3060.172,509.658
pi4,ML-KEM-768 signed,0,7,65.795,9661.916,96.369,43,3638,3566,1362.978,484.788
pi4,ML-KEM-768 signed,0,8,62.869,9197.221,93.720,35,3638,3566,5907.756,484.362
pi4,ML-KEM-768 signed,0,9,67.499,6205.251,98.684,33,3638,3566,1762.675,486.103
pi4,ML-KEM-768 signed,0,10,63.443,9223.868,129.201,33,3638,3566,2181.335,529.787
pi4,ML-KEM-768 signed,0,11,81.776,10077.262,96.017,36,3638,3566,2598.902,487.121
pi4,ML-KEM-768 signed,0,12,63.147,8755.598,95.813,34,3638,3566,2161.132,483.603
pi4,ML-KEM-768 signed,0,13,63.092,8199.385,125.979,32,3638,3566,2573.235,590.324
pi4,ML-KEM-768 signed,0,14,66.907,9585.121,131.350,35,3638,3566,4444.501,542.362
pi4,ML-KEM-768 signed,0,15,66.462,12449.982,100.128,77,3638,3566,965.243,504.621
pi4,ML-KEM-768 signed,0,16,62.555,10164.112,94.758,35,3638,3566,1338.941,507.843
pi4,ML-KEM-768 signed,0,17,62.999,8600.489,96.832,36,3638,3566,2164.632,510.121
pi4,ML-KEM-768 signed,0,18,63.814,9259.478,94.461,32,3638,3566,2164.705,508.343
pi4,ML-KEM-768 signed,0,19,62.795,7291.585,93.017,34,3638,3566,1746.250,504.011
pi4,ML-KEM-768 signed,0,20,62.462,4878.772,92.757,31,3638,3566,1350.700,514.028
pi4,ML-KEM-768 signed,0,21,66.981,9336.477,96.887,38,3638,3566,3823.696,505.454
pi4,ML-KEM-768 signed,0,22,62.591,13947.421,147.387,37,3638,3566,1762.601,549.602
pi4,ML-KEM-768 signed,0,23,67.036,9066.686,100.073,38,3638,3566,1773.786,513.696
pi4,ML-KEM-768 signed,0,24,62.777,9152.092,97.220,37,3638,3566,6322.804,510.677
pi4,ML-KEM-768 signed,0,25,63.203,11644.273,96.220,35,3638,3566,2589.921,507.621
pi4,ML-KEM-768 signed,0,26,62.777,11087.467,128.035,33,3638,3566,8005.314,541.750
pi4,ML-KEM-768 signed,0,27,66.128,11788.919,108.331,43,3638,3566,940.504,507.973
pi4,ML-KEM-768 signed,0,28,63.091,10980.228,125.424,35,3638,3566,1336.905,549.398
pi4,ML-KEM-768 signed,0,29,65.517,16735.505,129.720,79,3638,3566,5264.859,541.158
pi4,ML-KEM-768 signed,0,30,70.647,11478.850,104.239,33,3638,3566,2619.050,510.955
pi4,ML-KEM-768 signed,0,31,63.351,10793.490,97.572,32,3638,3566,1347.793,507.640
pi4,ML-KEM-768 signed,0,32,62.721,11206.521,96.888,35,3638,3566,1347.793,509.603
pi4,ML-KEM-768 signed,0,33,62.296,8694.506,93.406,39,3638,3566,2161.001,512.677
pi4,ML-KEM-768 signed,0,34,62.166,7916.834,92.406,34,3638,3566,1333.145,504.362
pi4,ML-KEM-768 signed,0,35,62.184,9425.087,91.906,38,3638,3566,1331.534,504.196
pi4,ML-KEM-768 signed,0,36,62.055,9396.883,123.998,32,3638,3566,917.114,558.306
pi4,ML-KEM-768 signed,0,37,65.684,8356.993,98.461,42,3638,3566,1354.811,511.602
pi4,ML-KEM-768 signed,0,38,62.759,12893.345,95.147,34,3638,3566,939.836,512.121
pi4,ML-KEM-768 signed,0,39,62.944,9165.776,95.646,35,3638,3566,3007.821,508.399
pi4,ML-KEM-768 signed,0,40,62.314,9771.211,95.110,33,3638,3566,920.522,507.214
pi4,ML-KEM-768 signed,0,41,62.666,7178.623,126.924,32,3638,3566,1791.618,556.102
pi4,ML-KEM-768 signed,0,42,71.258,8913.910,102.554,37,3638,3566,962.058,514.121
pi4,ML-KEM-768 signed,0,43,63.276,8672.395,94.850,35,3638,3566,1339.182,506.362
pi4,ML-KEM-768 signed,0,44,62.536,8959.002,120.072,40,3638,3566,1334.256,508.825
pi4,ML-KEM-768 signed,0,45,89.277,9978.504,135.517,31,3638,3566,2207.001,570.824
pi4,ML-KEM-768 signed,0,46,66.647,9242.831,97.257,37,3638,3566,2602.679,514.343
pi4,ML-KEM-768 signed,0,47,62.666,6392.007,96.017,33,3638,3566,1339.200,519.029
pi4,ML-KEM-768 signed,0,48,63.314,9726.490,91.906,41,3638,3566,1336.793,506.140
pi4,ML-KEM-768 signed,0,49,62.721,8948.557,94.276,36,3638,3566,5898.570,506.455
pi4,X25519MLKEM768 plain,0,0,220.737,9699.823,488.307,219,1253,1178,,
pi4,X25519MLKEM768 plain,0,1,210.866,8385.808,492.844,176,1253,1178,,
pi4,X25519MLKEM768 plain,0,2,208.497,9595.306,480.103,185,1253,1178,,
pi4,X25519MLKEM768 plain,0,3,205.571,9078.537,488.159,162,1253,1178,,
pi4,X25519MLKEM768 plain,0,4,205.256,7637.727,489.640,176,1253,1178,,
pi4,X25519MLKEM768 plain,0,5,246.792,11412.110,550.213,196,1253,1178,,
pi4,X25519MLKEM768 plain,0,6,226.589,5340.542,484.899,211,1253,1178,,
pi4,X25519MLKEM768 plain,0,7,207.552,5466.948,481.418,173,1253,1178,,
pi4,X25519MLKEM768 plain,0,8,205.793,4764.144,479.325,223,1253,1178,,
pi4,X25519MLKEM768 plain,0,9,206.237,4908.068,495.010,157,1253,1178,,
pi4,X25519MLKEM768 plain,0,10,206.848,4656.109,484.084,179,1253,1178,,
pi4,X25519MLKEM768 plain,0,11,235.607,4838.754,601.194,183,1253,1178,,
pi4,X25519MLKEM768 plain,0,12,241.033,7685.874,493.510,188,1253,1178,,
pi4,X25519MLKEM768 plain,0,13,212.033,10067.484,486.955,198,1253,1178,,
pi4,X25519MLKEM768 plain,0,14,207.552,4932.198,480.603,182,1253,1178,,
pi4,X25519MLKEM768 plain,0,15,208.829,9058.390,480.751,1095,1253,1178,,
pi4,X25519MLKEM768 plain,0,16,205.886,7587.265,479.696,147,1253,1178,,
pi4,X25519MLKEM768 plain,0,17,205.016,4806.200,477.547,161,1253,1178,,
pi4,X25519MLKEM768 plain,0,18,204.330,5983.199,480.177,183,1253,1178,,
pi4,X25519MLKEM768 plain,0,19,203.904,9314.552,489.326,177,1253,1178,,
pi4,X25519MLKEM768 plain,0,20,206.700,5518.150,479.158,178,1253,1178,,
pi4,X25519MLKEM768 plain,0,21,204.108,5494.336,478.400,190,1253,1178,,
pi4,X25519MLKEM768 plain,0,22,203.182,8285.828,478.048,169,1253,1178,,
pi4,X25519MLKEM768 plain,0,23,204.163,7331.806,479.548,168,1253,1178,,
pi4,X25519MLKEM768 plain,0,24,203.812,7960.315,555.787,159,1253,1178,,
pi4,X25519MLKEM768 plain,0,25,231.866,5993.606,488.252,168,1253,1178,,
pi4,X25519MLKEM768 plain,0,26,209.256,8559.935,481.622,175,1253,1178,,
pi4,X25519MLKEM768 plain,0,27,205.515,5245.748,493.418,167,1253,1178,,
pi4,X25519MLKEM768 plain,0,28,205.996,9421.254,477.567,172,1253,1178,,
pi4,X25519MLKEM768 plain,0,29,205.941,7762.521,478.733,187,1253,1178,,
pi4,X25519MLKEM768 plain,0,30,205.644,5249.877,480.696,173,1253,1178,,
pi4,X25519MLKEM768 plain,0,31,205.293,7575.895,561.750,213,1253,1178,,
pi4,X25519MLKEM768 plain,0,32,232.941,7274.863,485.881,168,1253,1178,,
pi4,X25519MLKEM768 plain,0,33,207.330,4976.586,480.067,123,1253,1178,,
pi4,X25519MLKEM768 plain,0,34,205.904,7095.551,477.789,168,1253,1178,,
pi4,X25519MLKEM768 plain,0,35,205.830,7551.710,479.677,186,1253,1178,,
pi4,X25519MLKEM768 plain,0,36,205.293,5424.522,479.492,186,1253,1178,,
pi4,X25519MLKEM768 plain,0,37,204.274,7736.967,597.879,184,1253,1178,,
pi4,X25519MLKEM768 plain,0,38,243.755,5009.455,490.399,187,1253,1178,,
pi4,X25519MLKEM768 plain,0,39,212.052,7159.216,483.399,561,1253,1178,,
pi4,X25519MLKEM768 plain,0,40,207.034,8763.486,479.733,158,1253,1178,,
pi4,X25519MLKEM768 plain,0,41,206.664,8373.178,486.695,171,1253,1178,,
pi4,X25519MLKEM768 plain,0,42,208.145,5208.933,476.863,203,1253,1178,,
pi4,X25519MLKEM768 plain,0,43,204.422,8154.126,478.789,174,1253,1178,,
pi4,X25519MLKEM768 plain,0,44,206.293,5991.551,488.214,191,1253,1178,,
pi4,X25519MLKEM768 plain,0,45,210.070,7980.851,493.529,181,1253,1178,,
pi4,X25519MLKEM768 plain,0,46,207.516,4712.275,480.751,177,1253,1178,,
pi4,X25519MLKEM768 plain,0,47,205.793,5954.329,489.659,180,1253,1178,,
pi4,X25519MLKEM768 plain,0,48,206.404,4969.474,478.103,156,1253,1178,,
pi4,X25519MLKEM768 plain,0,49,204.571,4797.403,477.493,164,1253,1178,,
pi4,X25519MLKEM768 mTLS,0,0,209.423,4938.604,490.789,284,1275,1200,,
pi4,X25519MLKEM768 mTLS,0,1,207.885,9645.583,491.492,282,1275,1200,,
pi4,X25519MLKEM768 mTLS,0,2,207.922,9765.081,487.992,210,1275,1200,,
pi4,X25519MLKEM768 mTLS,0,3,206.812,5529.188,498.584,164,1275,1200,,
pi4,X25519MLKEM768 mTLS,0,4,207.793,5424.653,568.176,296,1275,1200,,
pi4,X25519MLKEM768 mTLS,0,5,232.293,4703.516,518.436,264,1275,1200,,
pi4,X25519MLKEM768 mTLS,0,6,214.441,6174.473,492.158,263,1275,1200,,
pi4,X25519MLKEM768 mTLS,0,7,208.885,6626.688,486.696,167,1275,1200,,
pi4,X25519MLKEM768 mTLS,0,8,206.422,13338.320,500.270,283,1275,1200,,
pi4,X25519MLKEM768 mTLS,0,9,207.181,10538.255,486.844,276,1275,1200,,
pi4,X25519MLKEM768 mTLS,0,10,205.922,8537.176,486.344,258,1275,1200,,
pi4,X25519MLKEM768 mTLS,0,11,208.145,8977.094,569.991,228,1275,1200,,
pi4,X25519MLKEM768 mTLS,0,12,232.737,7895.519,498.584,161,1275,1200,,
pi4,X25519MLKEM768 mTLS,0,13,211.904,7899.334,490.769,159,1275,1200,,
pi4,X25519MLKEM768 mTLS,0,14,220.607,5574.613,486.474,159,1275,1200,,
pi4,X25519MLKEM768 mTLS,0,15,210.960,5903.348,487.715,252,1275,1200,,
pi4,X25519MLKEM768 mTLS,0,16,210.626,4992.160,565.380,269,1275,1200,,
pi4,X25519MLKEM768 mTLS,0,17,229.941,7675.801,569.898,222,1275,1200,,
pi4,X25519MLKEM768 mTLS,0,18,235.959,5590.205,497.270,234,1275,1200,,
pi4,X25519MLKEM768 mTLS,0,19,210.533,8937.835,489.103,150,1275,1200,,
pi4,X25519MLKEM768 mTLS,0,20,208.238,7110.736,484.584,226,1275,1200,,
pi4,X25519MLKEM768 mTLS,0,21,207.608,4753.238,498.862,243,1275,1200,,
pi4,X25519MLKEM768 mTLS,0,22,207.330,10130.168,486.196,209,1275,1200,,
pi4,X25519MLKEM768 mTLS,0,23,207.163,7601.339,484.511,197,1275,1200,,
pi4,X25519MLKEM768 mTLS,0,24,207.201,7781.836,496.251,155,1275,1200,,
pi4,X25519MLKEM768 mTLS,0,25,208.959,5376.598,485.326,175,1275,1200,,
pi4,X25519MLKEM768 mTLS,0,26,206.386,11180.632,483.233,161,1275,1200,,
pi4,X25519MLKEM768 mTLS,0,27,206.182,5076.973,481.122,228,1275,1200,,
pi4,X25519MLKEM768 mTLS,0,28,215.756,5545.021,484.307,184,1275,1200,,
pi4,X25519MLKEM768 mTLS,0,29,207.274,5600.002,581.713,199,1275,1200,,
pi4,X25519MLKEM768 mTLS,0,30,232.385,7586.284,498.251,138,1275,1200,,
pi4,X25519MLKEM768 mTLS,0,31,211.145,8014.628,489.437,189,1275,1200,,
pi4,X25519MLKEM768 mTLS,0,32,208.589,7993.351,485.974,188,1275,1200,,
pi4,X25519MLKEM768 mTLS,0,33,207.811,9193.053,498.825,211,1275,1200,,
pi4,X25519MLKEM768 mTLS,0,34,211.904,5476.670,487.936,189,1275,1200,,
pi4,X25519MLKEM768 mTLS,0,35,207.663,7867.224,483.992,162,1275,1200,,
pi4,X25519MLKEM768 mTLS,0,36,206.979,5475.818,509.455,259,1275,1200,,
pi4,X25519MLKEM768 mTLS,0,37,214.719,8030.943,564.694,199,1275,1200,,
pi4,X25519MLKEM768 mTLS,0,38,233.700,4772.700,495.399,190,1275,1200,,
pi4,X25519MLKEM768 mTLS,0,39,210.719,10794.880,491.122,155,1275,1200,,
pi4,X25519MLKEM768 mTLS,0,40,209.256,6555.263,486.732,206,1275,1200,,
pi4,X25519MLKEM768 mTLS,0,41,208.181,5582.372,677.119,203,1275,1200,,
pi4,X25519MLKEM768 mTLS,0,42,238.551,5334.302,581.009,189,1275,1200,,
pi4,X25519MLKEM768 mTLS,0,43,239.126,7570.321,505.825,244,1275,1200,,
pi4,X25519MLKEM768 mTLS,0,44,213.978,8744.728,491.103,189,1275,1200,,
pi4,X25519MLKEM768 mTLS,0,45,209.145,8724.506,487.029,189,1275,1200,,
pi4,X25519MLKEM768 mTLS,0,46,208.330,5907.571,488.029,200,1275,1200,,
pi4,X25519MLKEM768 mTLS,0,47,207.849,5052.417,485.437,152,1275,1200,,
pi4,X25519MLKEM768 mTLS,0,48,207.145,9541.029,485.659,154,1275,1200,,
pi4,X25519MLKEM768 mTLS,0,49,207.052,6892.980,487.251,177,1275,1200,,
pi4,X25519MLKEM768 signed,0,0,238.237,11843.807,510.918,213,3674,3598,4242.227,487.251
pi4,X25519MLKEM768 signed,0,1,219.349,4707.664,514.584,152,3674,3598,915.818,486.677
pi4,X25519MLKEM768 signed,0,2,217.145,5413.560,503.936,227,3674,3598,2573.050,486.621
pi4,X25519MLKEM768 signed,0,3,215.774,4919.753,577.416,183,3674,3598,5168.305,566.638
pi4,X25519MLKEM768 signed,0,4,259.792,8841.041,546.639,181,3674,3598,3048.728,511.714
pi4,X25519MLKEM768 signed,0,5,226.533,9782.767,502.899,186,3674,3598,2597.180,489.474
pi4,X25519MLKEM768 signed,0,6,215.275,9118.759,587.398,182,3674,3598,928.410,556.306
pi4,X25519MLKEM768 signed,0,7,272.255,9267.293,559.305,184,3674,3598,3053.839,536.454
pi4,X25519MLKEM768 signed,0,8,240.292,9874.636,511.584,153,3674,3598,3422.518,491.306
pi4,X25519MLKEM768 signed,0,9,218.182,9714.471,501.825,182,3674,3598,2172.094,496.622
pi4,X25519MLKEM768 signed,0,10,217.311,6309.416,501.381,173,3674,3598,3411.666,488.325
pi4,X25519MLKEM768 signed,0,11,214.793,9341.458,501.769,192,3674,3598,926.929,485.881
pi4,X25519MLKEM768 signed,0,12,215.830,9501.234,502.844,183,3674,3598,927.410,485.862
pi4,X25519MLKEM768 signed,0,13,217.626,10065.892,499.788,186,3674,3598,2997.933,492.714
pi4,X25519MLKEM768 signed,0,14,214.978,6025.883,559.657,184,3674,3598,914.596,542.435
pi4,X25519MLKEM768 signed,0,15,236.311,9574.992,523.992,183,3674,3598,4253.023,489.140
pi4,X25519MLKEM768 signed,0,16,218.256,8602.305,502.436,151,3674,3598,917.170,485.973
pi4,X25519MLKEM768 signed,0,17,214.700,11822.214,500.714,148,3674,3598,1346.404,484.122
pi4,X25519MLKEM768 signed,0,18,214.904,8680.636,509.399,154,3674,3598,4650.128,481.752
pi4,X25519MLKEM768 signed,0,19,217.737,9789.414,561.991,200,3674,3598,4650.406,536.269
pi4,X25519MLKEM768 signed,0,20,268.626,8620.971,509.511,163,3674,3598,927.003,487.011
pi4,X25519MLKEM768 signed,0,21,216.403,10154.612,497.955,195,3674,3598,913.856,482.622
pi4,X25519MLKEM768 signed,0,22,216.034,8760.672,570.509,470,3674,3598,2344.591,549.917
pi4,X25519MLKEM768 signed,0,23,243.292,11090.227,510.547,154,3674,3598,2603.217,489.584
pi4,X25519MLKEM768 signed,0,24,218.404,8816.689,501.640,145,3674,3598,916.115,486.141
pi4,X25519MLKEM768 signed,0,25,216.200,9375.847,507.454,201,3674,3598,914.633,500.937
pi4,X25519MLKEM768 signed,0,26,218.886,11360.037,516.176,156,3674,3598,5901.940,496.899
pi4,X25519MLKEM768 signed,0,27,225.570,9661.787,508.770,194,3674,3598,2587.773,500.325
pi4,X25519MLKEM768 signed,0,28,216.459,12815.810,514.955,200,3674,3598,1329.645,485.493
pi4,X25519MLKEM768 signed,0,29,215.145,8891.244,560.435,152,3674,3598,913.596,543.324
pi4,X25519MLKEM768 signed,0,30,236.385,8442.140,510.029,154,3674,3598,940.947,494.085
pi4,X25519MLKEM768 signed,0,31,217.997,9494.975,499.232,204,3674,3598,1328.571,484.492
pi4,X25519MLKEM768 signed,0,32,214.385,8951.169,495.936,143,3674,3598,912.541,485.048
pi4,X25519MLKEM768 signed,0,33,218.700,10020.392,540.639,197,3674,3598,3831.826,497.232
pi4,X25519MLKEM768 signed,0,34,225.181,11427.740,499.844,197,3674,3598,918.096,485.492
pi4,X25519MLKEM768 signed,0,35,213.144,10045.614,560.732,146,3674,3598,1741.676,536.307
pi4,X25519MLKEM768 signed,0,36,239.422,11364.982,503.399,154,3674,3598,2604.069,485.936
pi4,X25519MLKEM768 signed,0,37,217.719,10426.867,572.972,186,3674,3598,3079.042,549.231
pi4,X25519MLKEM768 signed,0,38,243.367,5240.785,510.825,240,3674,3598,1339.922,490.732
pi4,X25519MLKEM768 signed,0,39,219.626,4930.253,501.511,172,3674,3598,8390.549,486.196
pi4,X25519MLKEM768 signed,0,40,217.127,9089.500,514.955,279,3674,3598,1753.156,495.474
pi4,X25519MLKEM768 signed,0,41,219.738,9301.275,499.880,159,3674,3598,1350.533,486.103
pi4,X25519MLKEM768 signed,0,42,217.015,6772.908,500.640,176,3674,3598,1755.601,485.732
pi4,X25519MLKEM768 signed,0,43,215.367,9257.664,496.177,172,3674,3598,3409.407,482.973
pi4,X25519MLKEM768 signed,0,44,217.941,8752.561,500.362,198,3674,3598,2586.495,481.473
pi4,X25519MLKEM768 signed,0,45,211.033,9813.247,563.565,165,3674,3598,1753.731,558.825
pi4,X25519MLKEM768 signed,0,46,239.089,11457.757,513.621,166,3674,3598,4252.875,491.066
pi4,X25519MLKEM768 signed,0,47,223.608,9113.222,509.140,150,3674,3598,3413.166,484.214
pi4,X25519MLKEM768 signed,0,48,216.663,7601.747,503.881,155,3674,3598,928.837,485.325
pi4,X25519MLKEM768 signed,0,49,214.996,8226.755,497.010,157,3674,3598,3414.574,483.307
