Board,KEM,iter,idx,keygen_us,rtt_us,decaps_us,encaps_us,tx_B,rx_B,library_version,sign_us,verify_us
rp2040,ML-KEM-768 plain,0,0,10689,9357,13501,184,1224,1153,wolfSSL 5.9.4,,
rp2040,ML-KEM-768 plain,0,1,11010,19552,14173,173,1224,1153,wolfSSL 5.9.4,,
rp2040,ML-KEM-768 plain,0,2,10912,5815,13632,185,1224,1153,wolfSSL 5.9.4,,
rp2040,ML-KEM-768 plain,0,3,11026,5648,13629,236,1224,1153,wolfSSL 5.9.4,,
rp2040,ML-KEM-768 plain,0,4,10871,15726,13681,260,1224,1153,wolfSSL 5.9.4,,
rp2040,ML-KEM-768 plain,0,5,10869,6487,13556,233,1224,1153,wolfSSL 5.9.4,,
rp2040,ML-KEM-768 plain,0,6,10973,7128,13628,241,1224,1153,wolfSSL 5.9.4,,
rp2040,ML-KEM-768 plain,0,7,11016,18547,13860,240,1224,1153,wolfSSL 5.9.4,,
rp2040,ML-KEM-768 plain,0,8,11079,5534,13642,273,1224,1153,wolfSSL 5.9.4,,
rp2040,ML-KEM-768 plain,0,9,11576,5402,13630,232,1224,1153,wolfSSL 5.9.4,,
rp2040,ML-KEM-768 plain,0,10,11039,15232,13635,224,1224,1153,wolfSSL 5.9.4,,
rp2040,ML-KEM-768 plain,0,11,11720,12564,13636,232,1224,1153,wolfSSL 5.9.4,,
rp2040,ML-KEM-768 plain,0,12,11053,5578,13647,241,1224,1153,wolfSSL 5.9.4,,
rp2040,ML-KEM-768 plain,0,13,10868,27133,13586,227,1224,1153,wolfSSL 5.9.4,,
rp2040,ML-KEM-768 plain,0,14,11245,5699,13813,253,1224,1153,wolfSSL 5.9.4,,
rp2040,ML-KEM-768 plain,0,15,10864,5498,14345,225,1224,1153,wolfSSL 5.9.4,,
rp2040,ML-KEM-768 plain,0,16,11095,20449,13639,236,1224,1153,wolfSSL 5.9.4,,
rp2040,ML-KEM-768 plain,0,17,10883,6388,13641,238,1224,1153,wolfSSL 5.9.4,,
rp2040,ML-KEM-768 plain,0,18,11084,16653,13551,224,1224,1153,wolfSSL 5.9.4,,
rp2040,ML-KEM-768 plain,0,19,10978,5797,13639,240,1224,1153,wolfSSL 5.9.4,,
rp2040,ML-KEM-768 plain,0,20,10838,5706,13534,227,1224,1153,wolfSSL 5.9.4,,
rp2040,ML-KEM-768 plain,0,21,11011,16187,13522,221,1224,1153,wolfSSL 5.9.4,,
rp2040,ML-KEM-768 plain,0,22,10987,5443,14304,235,1224,1153,wolfSSL 5.9.4,,
rp2040,ML-KEM-768 plain,0,23,10888,6103,13545,239,1224,1153,wolfSSL 5.9.4,,
rp2040,ML-KEM-768 plain,0,24,10986,19415,13661,227,1224,1153,wolfSSL 5.9.4,,
rp2040,ML-KEM-768 plain,0,25,10868,5564,13515,241,1224,1153,wolfSSL 5.9.4,,
rp2040,ML-KEM-768 plain,0,26,10978,5937,13673,270,1224,1153,wolfSSL 5.9.4,,
rp2040,ML-KEM-768 plain,0,27,10852,16166,13654,242,1224,1153,wolfSSL 5.9.4,,
rp2040,ML-KEM-768 plain,0,28,10864,8880,13518,236,1224,1153,wolfSSL 5.9.4,,
rp2040,ML-KEM-768 plain,0,29,10980,5468,13834,240,1224,1153,wolfSSL 5.9.4,,
rp2040,ML-KEM-768 plain,0,30,11662,12750,13652,224,1224,1153,wolfSSL 5.9.4,,
rp2040,ML-KEM-768 plain,0,31,10849,5881,13524,241,1224,1153,wolfSSL 5.9.4,,
rp2040,ML-KEM-768 plain,0,32,11006,5882,13654,229,1224,1153,wolfSSL 5.9.4,,
rp2040,ML-KEM-768 plain,0,33,11006,19780,13533,222,1224,1153,wolfSSL 5.9.4,,
rp2040,ML-KEM-768 plain,0,34,10983,9477,13660,246,1224,1153,wolfSSL 5.9.4,,
rp2040,ML-KEM-768 plain,0,35,11052,5474,13542,233,1224,1153,wolfSSL 5.9.4,,
rp2040,ML-KEM-768 plain,0,36,10926,7104,13593,223,1224,1153,wolfSSL 5.9.4,,
rp2040,ML-KEM-768 plain,0,37,11749,6264,13627,243,1224,1153,wolfSSL 5.9.4,,
rp2040,ML-KEM-768 plain,0,38,10889,5378,13594,224,1224,1153,wolfSSL 5.9.4,,
rp2040,ML-KEM-768 plain,0,39,11052,15350,13504,245,1224,1153,wolfSSL 5.9.4,,
rp2040,ML-KEM-768 plain,0,40,10988,5434,13645,239,1224,1153,wolfSSL 5.9.4,,
rp2040,ML-KEM-768 plain,0,41,10874,7509,13504,238,1224,1153,wolfSSL 5.9.4,,
rp2040,ML-KEM-768 plain,0,42,11050,15944,13532,242,1224,1153,wolfSSL 5.9.4,,
rp2040,ML-KEM-768 plain,0,43,10944,5446,13629,240,1224,1153,wolfSSL 5.9.4,,
rp2040,ML-KEM-768 plain,0,44,11064,5370,14203,226,1224,1153,wolfSSL 5.9.4,,
rp2040,ML-KEM-768 plain,0,45,10897,14758,13520,233,1224,1153,wolfSSL 5.9.4,,
rp2040,ML-KEM-768 plain,0,46,10948,5405,13648,230,1224,1153,wolfSSL 5.9.4,,
rp2040,ML-KEM-768 plain,0,47,11075,7392,13722,240,1224,1153,wolfSSL 5.9.4,,
rp2040,ML-KEM-768 plain,0,48,10872,14708,13605,243,1224,1153,wolfSSL 5.9.4,,
rp2040,ML-KEM-768 plain,0,49,10858,5499,13611,237,1224,1153,wolfSSL 5.9.4,,
rp2040,ML-KEM-768 mTLS,0,0,10699,22799,13674,243,1246,1175,wolfSSL 5.9.4,,
rp2040,ML-KEM-768 mTLS,0,1,11099,12505,13674,242,1246,1175,wolfSSL 5.9.4,,
rp2040,ML-KEM-768 mTLS,0,2,11133,39814,13887,241,1246,1175,wolfSSL 5.9.4,,
rp2040,ML-KEM-768 mTLS,0,3,10885,12370,13676,243,1246,1175,wolfSSL 5.9.4,,
rp2040,ML-KEM-768 mTLS,0,4,11043,14221,13663,243,1246,1175,wolfSSL 5.9.4,,
rp2040,ML-KEM-768 mTLS,0,5,11332,13393,13684,242,1246,1175,wolfSSL 5.9.4,,
rp2040,ML-KEM-768 mTLS,0,6,11130,12467,13659,244,1246,1175,wolfSSL 5.9.4,,
rp2040,ML-KEM-768 mTLS,0,7,11118,25730,13917,246,1246,1175,wolfSSL 5.9.4,,
rp2040,ML-KEM-768 mTLS,0,8,10878,13131,13829,239,1246,1175,wolfSSL 5.9.4,,
rp2040,ML-KEM-768 mTLS,0,9,10864,14398,13805,242,1246,1175,wolfSSL 5.9.4,,
rp2040,ML-KEM-768 mTLS,0,10,10853,13594,13847,243,1246,1175,wolfSSL 5.9.4,,
rp2040,ML-KEM-768 mTLS,0,11,11010,12240,13801,225,1246,1175,wolfSSL 5.9.4,,
rp2040,ML-KEM-768 mTLS,0,12,11030,15663,13890,217,1246,1175,wolfSSL 5.9.4,,
rp2040,ML-KEM-768 mTLS,0,13,10874,12180,13691,218,1246,1175,wolfSSL 5.9.4,,
rp2040,ML-KEM-768 mTLS,0,14,11014,20030,13822,241,1246,1175,wolfSSL 5.9.4,,
rp2040,ML-KEM-768 mTLS,0,15,10825,12571,13844,240,1246,1175,wolfSSL 5.9.4,,
rp2040,ML-KEM-768 mTLS,0,16,10873,13349,13659,243,1246,1175,wolfSSL 5.9.4,,
rp2040,ML-KEM-768 mTLS,0,17,11011,25362,13921,241,1246,1175,wolfSSL 5.9.4,,
rp2040,ML-KEM-768 mTLS,0,18,11249,12455,14002,258,1246,1175,wolfSSL 5.9.4,,
rp2040,ML-KEM-768 mTLS,0,19,10882,19985,13790,244,1246,1175,wolfSSL 5.9.4,,
rp2040,ML-KEM-768 mTLS,0,20,11151,12217,13830,238,1246,1175,wolfSSL 5.9.4,,
rp2040,ML-KEM-768 mTLS,0,21,11061,12796,13857,243,1246,1175,wolfSSL 5.9.4,,
rp2040,ML-KEM-768 mTLS,0,22,10864,25177,13662,239,1246,1175,wolfSSL 5.9.4,,
rp2040,ML-KEM-768 mTLS,0,23,11008,13416,13667,246,1246,1175,wolfSSL 5.9.4,,
rp2040,ML-KEM-768 mTLS,0,24,11043,15380,13671,237,1246,1175,wolfSSL 5.9.4,,
rp2040,ML-KEM-768 mTLS,0,25,11102,12777,13674,243,1246,1175,wolfSSL 5.9.4,,
rp2040,ML-KEM-768 mTLS,0,26,11138,14220,13674,249,1246,1175,wolfSSL 5.9.4,,
rp2040,ML-KEM-768 mTLS,0,27,11124,22663,13841,242,1246,1175,wolfSSL 5.9.4,,
rp2040,ML-KEM-768 mTLS,0,28,10866,12466,13802,246,1246,1175,wolfSSL 5.9.4,,
rp2040,ML-KEM-768 mTLS,0,29,10878,15653,14526,237,1246,1175,wolfSSL 5.9.4,,
rp2040,ML-KEM-768 mTLS,0,30,11021,12628,13972,251,1246,1175,wolfSSL 5.9.4,,
rp2040,ML-KEM-768 mTLS,0,31,10885,59932,13761,249,1246,1175,wolfSSL 5.9.4,,
rp2040,ML-KEM-768 mTLS,0,32,10894,13117,13656,280,1246,1175,wolfSSL 5.9.4,,
rp2040,ML-KEM-768 mTLS,0,33,11051,17835,13896,245,1246,1175,wolfSSL 5.9.4,,
rp2040,ML-KEM-768 mTLS,0,34,11530,40231,13775,244,1246,1175,wolfSSL 5.9.4,,
rp2040,ML-KEM-768 mTLS,0,35,11122,13802,13804,242,1246,1175,wolfSSL 5.9.4,,
rp2040,ML-KEM-768 mTLS,0,36,11136,12372,13823,246,1246,1175,wolfSSL 5.9.4,,
rp2040,ML-KEM-768 mTLS,0,37,11062,12387,13820,288,1246,1175,wolfSSL 5.9.4,,
rp2040,ML-KEM-768 mTLS,0,38,10895,23306,13692,272,1246,1175,wolfSSL 5.9.4,,
rp2040,ML-KEM-768 mTLS,0,39,11284,12537,13810,251,1246,1175,wolfSSL 5.9.4,,
rp2040,ML-KEM-768 mTLS,0,40,11291,13031,13823,241,1246,1175,wolfSSL 5.9.4,,
rp2040,ML-KEM-768 mTLS,0,41,11130,12450,13849,242,1246,1175,wolfSSL 5.9.4,,
rp2040,ML-KEM-768 mTLS,0,42,11091,12575,13863,237,1246,1175,wolfSSL 5.9.4,,
rp2040,ML-KEM-768 mTLS,0,43,11097,26289,13812,242,1246,1175,wolfSSL 5.9.4,,
rp2040,ML-KEM-768 mTLS,0,44,10883,12844,13656,242,1246,1175,wolfSSL 5.9.4,,
rp2040,ML-KEM-768 mTLS,0,45,11013,18397,13798,247,1246,1175,wolfSSL 5.9.4,,
rp2040,ML-KEM-768 mTLS,0,46,10920,12503,13664,282,1246,1175,wolfSSL 5.9.4,,
rp2040,ML-KEM-768 mTLS,0,47,11033,12749,13669,243,1246,1175,wolfSSL 5.9.4,,
rp2040,ML-KEM-768 mTLS,0,48,11104,22876,13804,245,1246,1175,wolfSSL 5.9.4,,
rp2040,ML-KEM-768 mTLS,0,49,10844,12577,13836,241,1246,1175,wolfSSL 5.9.4,,
rp2040,ML-KEM-768 signed,0,0,10876,20128,13372,278,3645,3573,wolfSSL 5.9.4,126991,31002
rp2040,ML-KEM-768 signed,0,1,11225,26270,13631,278,3645,3573,wolfSSL 5.9.4,1048800,30681
rp2040,ML-KEM-768 signed,0,2,11015,20478,13610,274,3645,3573,wolfSSL 5.9.4,208269,30665
rp2040,ML-KEM-768 signed,0,3,11195,36098,13822,256,3645,3573,wolfSSL 5.9.4,178393,30887
rp2040,ML-KEM-768 signed,0,4,10997,22882,13381,243,3645,3573,wolfSSL 5.9.4,52026,30886
rp2040,ML-KEM-768 signed,0,5,11137,29727,13884,276,3645,3573,wolfSSL 5.9.4,311982,30633
rp2040,ML-KEM-768 signed,0,6,11004,16883,13391,276,3645,3573,wolfSSL 5.9.4,133035,30881
rp2040,ML-KEM-768 signed,0,7,11236,19580,13640,242,3645,3573,wolfSSL 5.9.4,52350,30637
rp2040,ML-KEM-768 signed,0,8,11001,26692,13609,278,3645,3573,wolfSSL 5.9.4,136237,30898
rp2040,ML-KEM-768 signed,0,9,11030,38868,13611,217,3645,3573,wolfSSL 5.9.4,51831,30659
rp2040,ML-KEM-768 signed,0,10,11027,39510,13397,245,3645,3573,wolfSSL 5.9.4,136567,31017
rp2040,ML-KEM-768 signed,0,11,11175,21398,13608,277,3645,3573,wolfSSL 5.9.4,211191,30649
rp2040,ML-KEM-768 signed,0,12,11187,17535,13633,279,3645,3573,wolfSSL 5.9.4,52073,30701
rp2040,ML-KEM-768 signed,0,13,11208,26778,13602,278,3645,3573,wolfSSL 5.9.4,123966,30907
rp2040,ML-KEM-768 signed,0,14,11036,16630,13757,279,3645,3573,wolfSSL 5.9.4,127555,30920
rp2040,ML-KEM-768 signed,0,15,11030,16303,13646,243,3645,3573,wolfSSL 5.9.4,51835,30791
rp2040,ML-KEM-768 signed,0,16,11016,26544,13648,284,3645,3573,wolfSSL 5.9.4,157663,30720
rp2040,ML-KEM-768 signed,0,17,11052,20883,13696,248,3645,3573,wolfSSL 5.9.4,52060,30986
rp2040,ML-KEM-768 signed,0,18,11097,25404,13651,244,3645,3573,wolfSSL 5.9.4,87775,30921
rp2040,ML-KEM-768 signed,0,19,11049,17718,13669,278,3645,3573,wolfSSL 5.9.4,203101,30696
rp2040,ML-KEM-768 signed,0,20,11176,17972,13544,254,3645,3573,wolfSSL 5.9.4,615967,31028
rp2040,ML-KEM-768 signed,0,21,11177,25089,13610,278,3645,3573,wolfSSL 5.9.4,203383,30868
rp2040,ML-KEM-768 signed,0,22,11025,39152,13653,277,3645,3573,wolfSSL 5.9.4,314058,30736
rp2040,ML-KEM-768 signed,0,23,11023,26728,13402,246,3645,3573,wolfSSL 5.9.4,204538,31066
rp2040,ML-KEM-768 signed,0,24,11184,42694,13654,278,3645,3573,wolfSSL 5.9.4,166872,30627
rp2040,ML-KEM-768 signed,0,25,10988,27721,13667,243,3645,3573,wolfSSL 5.9.4,260470,30811
rp2040,ML-KEM-768 signed,0,26,10989,16122,13618,243,3645,3573,wolfSSL 5.9.4,94769,30963
rp2040,ML-KEM-768 signed,0,27,11163,14811,13379,242,3645,3573,wolfSSL 5.9.4,51842,31192
rp2040,ML-KEM-768 signed,0,28,11184,36812,13669,279,3645,3573,wolfSSL 5.9.4,333658,30678
rp2040,ML-KEM-768 signed,0,29,11042,28378,13675,275,3645,3573,wolfSSL 5.9.4,362360,30650
rp2040,ML-KEM-768 signed,0,30,11344,22754,13785,254,3645,3573,wolfSSL 5.9.4,51946,31221
rp2040,ML-KEM-768 signed,0,31,10992,30287,13591,220,3645,3573,wolfSSL 5.9.4,51812,30900
rp2040,ML-KEM-768 signed,0,32,11010,17201,13637,244,3645,3573,wolfSSL 5.9.4,92075,30858
rp2040,ML-KEM-768 signed,0,33,11023,23590,13653,275,3645,3573,wolfSSL 5.9.4,439017,30709
rp2040,ML-KEM-768 signed,0,34,11019,16106,13670,277,3645,3573,wolfSSL 5.9.4,130747,30725
rp2040,ML-KEM-768 signed,0,35,11000,28736,13612,245,3645,3573,wolfSSL 5.9.4,52010,30895
rp2040,ML-KEM-768 signed,0,36,11005,26855,13651,244,3645,3573,wolfSSL 5.9.4,95221,30660
rp2040,ML-KEM-768 signed,0,37,11003,17455,13635,279,3645,3573,wolfSSL 5.9.4,90375,31038
rp2040,ML-KEM-768 signed,0,38,11205,21081,13534,252,3645,3573,wolfSSL 5.9.4,51826,30955
rp2040,ML-KEM-768 signed,0,39,11225,28122,13644,247,3645,3573,wolfSSL 5.9.4,127444,30677
rp2040,ML-KEM-768 signed,0,40,11017,15001,13583,242,3645,3573,wolfSSL 5.9.4,132370,30695
rp2040,ML-KEM-768 signed,0,41,11046,28378,13367,245,3645,3573,wolfSSL 5.9.4,301952,30821
rp2040,ML-KEM-768 signed,0,42,11171,36282,13651,243,3645,3573,wolfSSL 5.9.4,92113,30909
rp2040,ML-KEM-768 signed,0,43,11006,639265,14052,317,3645,3573,wolfSSL 5.9.4,100186,30930
rp2040,ML-KEM-768 signed,0,44,11287,34342,13607,219,3645,3573,wolfSSL 5.9.4,52458,30934
rp2040,ML-KEM-768 signed,0,45,11024,39342,13634,246,3645,3573,wolfSSL 5.9.4,352049,30854
rp2040,ML-KEM-768 signed,0,46,11471,31125,14230,242,3645,3573,wolfSSL 5.9.4,52156,30680
rp2040,ML-KEM-768 signed,0,47,11387,20845,13410,319,3645,3573,wolfSSL 5.9.4,489193,30886
rp2040,ML-KEM-768 signed,0,48,11376,45135,13654,296,3645,3573,wolfSSL 5.9.4,87840,30834
rp2040,ML-KEM-768 signed,0,49,11159,11741,13795,194,3645,3573,wolfSSL 5.9.4,51963,30693
rp2040,X25519MLKEM768 plain,0,0,67670,13501,71239,2069,1260,1185,wolfSSL 5.9.4,,
rp2040,X25519MLKEM768 plain,0,1,68380,10655,70625,1744,1260,1185,wolfSSL 5.9.4,,
rp2040,X25519MLKEM768 plain,0,2,68690,17229,70774,1759,1260,1185,wolfSSL 5.9.4,,
rp2040,X25519MLKEM768 plain,0,3,68006,9583,71334,2062,1260,1185,wolfSSL 5.9.4,,
rp2040,X25519MLKEM768 plain,0,4,68976,17663,70781,2024,1260,1185,wolfSSL 5.9.4,,
rp2040,X25519MLKEM768 plain,0,5,68034,10230,71209,1753,1260,1185,wolfSSL 5.9.4,,
rp2040,X25519MLKEM768 plain,0,6,68021,17135,70575,1750,1260,1185,wolfSSL 5.9.4,,
rp2040,X25519MLKEM768 plain,0,7,68810,10662,70724,2016,1260,1185,wolfSSL 5.9.4,,
rp2040,X25519MLKEM768 plain,0,8,67924,17337,71388,2005,1260,1185,wolfSSL 5.9.4,,
rp2040,X25519MLKEM768 plain,0,9,68149,11091,70558,1740,1260,1185,wolfSSL 5.9.4,,
rp2040,X25519MLKEM768 plain,0,10,68242,16434,71246,1787,1260,1185,wolfSSL 5.9.4,,
rp2040,X25519MLKEM768 plain,0,11,68070,7743,70539,2000,1260,1185,wolfSSL 5.9.4,,
rp2040,X25519MLKEM768 plain,0,12,68584,19472,71284,2000,1260,1185,wolfSSL 5.9.4,,
rp2040,X25519MLKEM768 plain,0,13,68048,8256,71229,2160,1260,1185,wolfSSL 5.9.4,,
rp2040,X25519MLKEM768 plain,0,14,68023,19987,70584,1747,1260,1185,wolfSSL 5.9.4,,
rp2040,X25519MLKEM768 plain,0,15,68479,7271,70663,1755,1260,1185,wolfSSL 5.9.4,,
rp2040,X25519MLKEM768 plain,0,16,67966,20726,70647,1721,1260,1185,wolfSSL 5.9.4,,
rp2040,X25519MLKEM768 plain,0,17,68839,9405,70544,1718,1260,1185,wolfSSL 5.9.4,,
rp2040,X25519MLKEM768 plain,0,18,67986,20432,71244,2015,1260,1185,wolfSSL 5.9.4,,
rp2040,X25519MLKEM768 plain,0,19,68003,11808,70650,2060,1260,1185,wolfSSL 5.9.4,,
rp2040,X25519MLKEM768 plain,0,20,68807,23669,70562,1748,1260,1185,wolfSSL 5.9.4,,
rp2040,X25519MLKEM768 plain,0,21,68076,9189,71322,1757,1260,1185,wolfSSL 5.9.4,,
rp2040,X25519MLKEM768 plain,0,22,68230,14886,70618,2058,1260,1185,wolfSSL 5.9.4,,
rp2040,X25519MLKEM768 plain,0,23,68049,7540,70940,1980,1260,1185,wolfSSL 5.9.4,,
rp2040,X25519MLKEM768 plain,0,24,68064,24324,70538,1965,1260,1185,wolfSSL 5.9.4,,
rp2040,X25519MLKEM768 plain,0,25,68602,7870,70463,1714,1260,1185,wolfSSL 5.9.4,,
rp2040,X25519MLKEM768 plain,0,26,68020,19876,71003,1715,1260,1185,wolfSSL 5.9.4,,
rp2040,X25519MLKEM768 plain,0,27,68277,11464,70575,2031,1260,1185,wolfSSL 5.9.4,,
rp2040,X25519MLKEM768 plain,0,28,68624,12773,70620,2008,1260,1185,wolfSSL 5.9.4,,
rp2040,X25519MLKEM768 plain,0,29,68026,7732,71501,1759,1260,1185,wolfSSL 5.9.4,,
rp2040,X25519MLKEM768 plain,0,30,68682,14394,70581,1714,1260,1185,wolfSSL 5.9.4,,
rp2040,X25519MLKEM768 plain,0,31,67979,12972,71039,1976,1260,1185,wolfSSL 5.9.4,,
rp2040,X25519MLKEM768 plain,0,32,68214,21616,70671,2029,1260,1185,wolfSSL 5.9.4,,
rp2040,X25519MLKEM768 plain,0,33,68726,7140,70714,1776,1260,1185,wolfSSL 5.9.4,,
rp2040,X25519MLKEM768 plain,0,34,67883,23183,71372,1740,1260,1185,wolfSSL 5.9.4,,
rp2040,X25519MLKEM768 plain,0,35,68165,11629,71528,2033,1260,1185,wolfSSL 5.9.4,,
rp2040,X25519MLKEM768 plain,0,36,68135,12404,70841,1979,1260,1185,wolfSSL 5.9.4,,
rp2040,X25519MLKEM768 plain,0,37,67997,11241,70614,1783,1260,1185,wolfSSL 5.9.4,,
rp2040,X25519MLKEM768 plain,0,38,68472,20900,70636,1713,1260,1185,wolfSSL 5.9.4,,
rp2040,X25519MLKEM768 plain,0,39,67879,9406,71138,2030,1260,1185,wolfSSL 5.9.4,,
rp2040,X25519MLKEM768 plain,0,40,68197,19718,70542,2010,1260,1185,wolfSSL 5.9.4,,
rp2040,X25519MLKEM768 plain,0,41,68709,7543,70661,2014,1260,1185,wolfSSL 5.9.4,,
rp2040,X25519MLKEM768 plain,0,42,68018,14770,70599,1721,1260,1185,wolfSSL 5.9.4,,
rp2040,X25519MLKEM768 plain,0,43,68757,10453,70665,1742,1260,1185,wolfSSL 5.9.4,,
rp2040,X25519MLKEM768 plain,0,44,68015,20462,71269,2030,1260,1185,wolfSSL 5.9.4,,
rp2040,X25519MLKEM768 plain,0,45,67948,11151,70620,2057,1260,1185,wolfSSL 5.9.4,,
rp2040,X25519MLKEM768 plain,0,46,68649,15851,70693,2051,1260,1185,wolfSSL 5.9.4,,
rp2040,X25519MLKEM768 plain,0,47,67945,7534,71133,1973,1260,1185,wolfSSL 5.9.4,,
rp2040,X25519MLKEM768 plain,0,48,68055,22182,70544,1771,1260,1185,wolfSSL 5.9.4,,
rp2040,X25519MLKEM768 plain,0,49,68210,10178,71304,1731,1260,1185,wolfSSL 5.9.4,,
rp2040,X25519MLKEM768 mTLS,0,0,68112,19233,71501,2052,1282,1207,wolfSSL 5.9.4,,
rp2040,X25519MLKEM768 mTLS,0,1,68393,63560,70946,1781,1282,1207,wolfSSL 5.9.4,,
rp2040,X25519MLKEM768 mTLS,0,2,68774,32113,70768,1990,1282,1207,wolfSSL 5.9.4,,
rp2040,X25519MLKEM768 mTLS,0,3,68457,22718,71151,2009,1282,1207,wolfSSL 5.9.4,,
rp2040,X25519MLKEM768 mTLS,0,4,67992,28443,71241,1972,1282,1207,wolfSSL 5.9.4,,
rp2040,X25519MLKEM768 mTLS,0,5,68020,17648,70816,1764,1282,1207,wolfSSL 5.9.4,,
rp2040,X25519MLKEM768 mTLS,0,6,68045,21556,71256,2022,1282,1207,wolfSSL 5.9.4,,
rp2040,X25519MLKEM768 mTLS,0,7,68063,29323,70629,1982,1282,1207,wolfSSL 5.9.4,,
rp2040,X25519MLKEM768 mTLS,0,8,68604,19616,70685,1985,1282,1207,wolfSSL 5.9.4,,
rp2040,X25519MLKEM768 mTLS,0,9,68147,17370,71552,1990,1282,1207,wolfSSL 5.9.4,,
rp2040,X25519MLKEM768 mTLS,0,10,68036,17249,70799,1760,1282,1207,wolfSSL 5.9.4,,
rp2040,X25519MLKEM768 mTLS,0,11,68696,24997,70694,1726,1282,1207,wolfSSL 5.9.4,,
rp2040,X25519MLKEM768 mTLS,0,12,68048,15636,71328,1768,1282,1207,wolfSSL 5.9.4,,
rp2040,X25519MLKEM768 mTLS,0,13,69031,21597,70793,1982,1282,1207,wolfSSL 5.9.4,,
rp2040,X25519MLKEM768 mTLS,0,14,68534,30562,70760,2012,1282,1207,wolfSSL 5.9.4,,
rp2040,X25519MLKEM768 mTLS,0,15,68819,20536,71377,1761,1282,1207,wolfSSL 5.9.4,,
rp2040,X25519MLKEM768 mTLS,0,16,67948,30691,71259,1763,1282,1207,wolfSSL 5.9.4,,
rp2040,X25519MLKEM768 mTLS,0,17,68585,14656,70719,1723,1282,1207,wolfSSL 5.9.4,,
rp2040,X25519MLKEM768 mTLS,0,18,68007,18797,71507,1752,1282,1207,wolfSSL 5.9.4,,
rp2040,X25519MLKEM768 mTLS,0,19,67955,15223,70762,2033,1282,1207,wolfSSL 5.9.4,,
rp2040,X25519MLKEM768 mTLS,0,20,68036,17834,71330,1721,1282,1207,wolfSSL 5.9.4,,
rp2040,X25519MLKEM768 mTLS,0,21,68059,29447,70696,1753,1282,1207,wolfSSL 5.9.4,,
rp2040,X25519MLKEM768 mTLS,0,22,68673,17544,70722,1763,1282,1207,wolfSSL 5.9.4,,
rp2040,X25519MLKEM768 mTLS,0,23,68011,16497,71361,2034,1282,1207,wolfSSL 5.9.4,,
rp2040,X25519MLKEM768 mTLS,0,24,67887,17930,70857,1724,1282,1207,wolfSSL 5.9.4,,
rp2040,X25519MLKEM768 mTLS,0,25,68726,23025,70794,2037,1282,1207,wolfSSL 5.9.4,,
rp2040,X25519MLKEM768 mTLS,0,26,67936,18358,71239,1989,1282,1207,wolfSSL 5.9.4,,
rp2040,X25519MLKEM768 mTLS,0,27,68073,25125,70699,2034,1282,1207,wolfSSL 5.9.4,,
rp2040,X25519MLKEM768 mTLS,0,28,68619,30510,70803,1723,1282,1207,wolfSSL 5.9.4,,
rp2040,X25519MLKEM768 mTLS,0,29,67956,14696,71315,2063,1282,1207,wolfSSL 5.9.4,,
rp2040,X25519MLKEM768 mTLS,0,30,67983,21741,70793,1697,1282,1207,wolfSSL 5.9.4,,
rp2040,X25519MLKEM768 mTLS,0,31,68055,18280,70755,2016,1282,1207,wolfSSL 5.9.4,,
rp2040,X25519MLKEM768 mTLS,0,32,68124,24740,70804,1961,1282,1207,wolfSSL 5.9.4,,
rp2040,X25519MLKEM768 mTLS,0,33,68620,14525,70939,1738,1282,1207,wolfSSL 5.9.4,,
rp2040,X25519MLKEM768 mTLS,0,34,68235,21633,71280,1773,1282,1207,wolfSSL 5.9.4,,
rp2040,X25519MLKEM768 mTLS,0,35,67947,14207,70808,1724,1282,1207,wolfSSL 5.9.4,,
rp2040,X25519MLKEM768 mTLS,0,36,68708,15418,70622,2064,1282,1207,wolfSSL 5.9.4,,
rp2040,X25519MLKEM768 mTLS,0,37,68123,15237,71439,1771,1282,1207,wolfSSL 5.9.4,,
rp2040,X25519MLKEM768 mTLS,0,38,67952,17925,70740,1722,1282,1207,wolfSSL 5.9.4,,
rp2040,X25519MLKEM768 mTLS,0,39,68567,24509,70790,1726,1282,1207,wolfSSL 5.9.4,,
rp2040,X25519MLKEM768 mTLS,0,40,68041,15736,71414,1767,1282,1207,wolfSSL 5.9.4,,
rp2040,X25519MLKEM768 mTLS,0,41,67955,18930,70683,2036,1282,1207,wolfSSL 5.9.4,,
rp2040,X25519MLKEM768 mTLS,0,42,68059,14261,72015,1716,1282,1207,wolfSSL 5.9.4,,
rp2040,X25519MLKEM768 mTLS,0,43,68221,20946,70794,1774,1282,1207,wolfSSL 5.9.4,,
rp2040,X25519MLKEM768 mTLS,0,44,68554,14759,70767,1719,1282,1207,wolfSSL 5.9.4,,
rp2040,X25519MLKEM768 mTLS,0,45,68502,22469,71312,2047,1282,1207,wolfSSL 5.9.4,,
rp2040,X25519MLKEM768 mTLS,0,46,68066,14845,70843,2009,1282,1207,wolfSSL 5.9.4,,
rp2040,X25519MLKEM768 mTLS,0,47,68639,19639,70839,1721,1282,1207,wolfSSL 5.9.4,,
rp2040,X25519MLKEM768 mTLS,0,48,67953,33413,71696,1771,1282,1207,wolfSSL 5.9.4,,
rp2040,X25519MLKEM768 mTLS,0,49,68087,18031,70728,1726,1282,1207,wolfSSL 5.9.4,,
rp2040,X25519MLKEM768 signed,0,0,67766,22509,70750,2016,3681,3605,wolfSSL 5.9.4,248352,30678
rp2040,X25519MLKEM768 signed,0,1,68034,32819,70408,2020,3681,3605,wolfSSL 5.9.4,366395,30855
rp2040,X25519MLKEM768 signed,0,2,67836,16746,70458,1972,3681,3605,wolfSSL 5.9.4,165515,30894
rp2040,X25519MLKEM768 signed,0,3,68050,36393,70692,2009,3681,3605,wolfSSL 5.9.4,377687,30874
rp2040,X25519MLKEM768 signed,0,4,67993,38732,70722,1970,3681,3605,wolfSSL 5.9.4,92516,30904
rp2040,X25519MLKEM768 signed,0,5,67998,30474,70472,2166,3681,3605,wolfSSL 5.9.4,348276,30945
rp2040,X25519MLKEM768 signed,0,6,67921,24040,70609,1858,3681,3605,wolfSSL 5.9.4,52879,30868
rp2040,X25519MLKEM768 signed,0,7,68078,31238,70536,2007,3681,3605,wolfSSL 5.9.4,183342,30894
rp2040,X25519MLKEM768 signed,0,8,67838,20288,70596,1782,3681,3605,wolfSSL 5.9.4,52378,30916
rp2040,X25519MLKEM768 signed,0,9,68078,22796,70575,1700,3681,3605,wolfSSL 5.9.4,224864,31064
rp2040,X25519MLKEM768 signed,0,10,68212,24071,70454,2024,3681,3605,wolfSSL 5.9.4,168580,30973
rp2040,X25519MLKEM768 signed,0,11,68030,25726,70558,2018,3681,3605,wolfSSL 5.9.4,442442,31047
rp2040,X25519MLKEM768 signed,0,12,68217,23759,70592,1970,3681,3605,wolfSSL 5.9.4,174565,30939
rp2040,X25519MLKEM768 signed,0,13,67861,21490,70640,1966,3681,3605,wolfSSL 5.9.4,95144,30916
rp2040,X25519MLKEM768 signed,0,14,68724,35866,70539,1965,3681,3605,wolfSSL 5.9.4,263838,30845
rp2040,X25519MLKEM768 signed,0,15,68323,23743,70658,1967,3681,3605,wolfSSL 5.9.4,92843,30703
rp2040,X25519MLKEM768 signed,0,16,67930,38649,70822,1995,3681,3605,wolfSSL 5.9.4,211953,30638
rp2040,X25519MLKEM768 signed,0,17,68043,22385,70674,1982,3681,3605,wolfSSL 5.9.4,52373,31029
rp2040,X25519MLKEM768 signed,0,18,68001,29266,70828,1972,3681,3605,wolfSSL 5.9.4,52273,30689
rp2040,X25519MLKEM768 signed,0,19,67838,20266,70517,1756,3681,3605,wolfSSL 5.9.4,88249,30841
rp2040,X25519MLKEM768 signed,0,20,67842,23824,70528,1704,3681,3605,wolfSSL 5.9.4,216508,30910
rp2040,X25519MLKEM768 signed,0,21,68109,27739,70539,2021,3681,3605,wolfSSL 5.9.4,161221,31106
rp2040,X25519MLKEM768 signed,0,22,68060,21559,70511,1711,3681,3605,wolfSSL 5.9.4,52315,30885
rp2040,X25519MLKEM768 signed,0,23,67858,58619,71540,1969,3681,3605,wolfSSL 5.9.4,160171,30713
rp2040,X25519MLKEM768 signed,0,24,68007,21420,71253,1971,3681,3605,wolfSSL 5.9.4,238405,30830
rp2040,X25519MLKEM768 signed,0,25,68057,18278,70436,2017,3681,3605,wolfSSL 5.9.4,126445,30857
rp2040,X25519MLKEM768 signed,0,26,68061,27903,71461,1701,3681,3605,wolfSSL 5.9.4,91402,30677
rp2040,X25519MLKEM768 signed,0,27,68184,107299,70714,1739,3681,3605,wolfSSL 5.9.4,127105,30696
rp2040,X25519MLKEM768 signed,0,28,68044,16856,70615,1700,3681,3605,wolfSSL 5.9.4,452756,30771
rp2040,X25519MLKEM768 signed,0,29,67924,32748,71506,2003,3681,3605,wolfSSL 5.9.4,52386,30688
rp2040,X25519MLKEM768 signed,0,30,68019,29389,70666,1968,3681,3605,wolfSSL 5.9.4,209172,30676
rp2040,X25519MLKEM768 signed,0,31,67999,20106,70695,1700,3681,3605,wolfSSL 5.9.4,134992,30950
rp2040,X25519MLKEM768 signed,0,32,68008,16849,70571,1749,3681,3605,wolfSSL 5.9.4,52211,30803
rp2040,X25519MLKEM768 signed,0,33,67853,32332,70502,1967,3681,3605,wolfSSL 5.9.4,52283,31034
rp2040,X25519MLKEM768 signed,0,34,67832,29874,70614,1967,3681,3605,wolfSSL 5.9.4,129410,30957
rp2040,X25519MLKEM768 signed,0,35,67955,22446,71074,1982,3681,3605,wolfSSL 5.9.4,250923,30675
rp2040,X25519MLKEM768 signed,0,36,68178,27488,70667,2020,3681,3605,wolfSSL 5.9.4,52071,30991
rp2040,X25519MLKEM768 signed,0,37,68141,17264,70652,1966,3681,3605,wolfSSL 5.9.4,52322,30892
rp2040,X25519MLKEM768 signed,0,38,68020,29591,70766,2006,3681,3605,wolfSSL 5.9.4,213946,30630
rp2040,X25519MLKEM768 signed,0,39,68507,25200,70455,1961,3681,3605,wolfSSL 5.9.4,52560,30957
rp2040,X25519MLKEM768 signed,0,40,68127,16193,70522,1966,3681,3605,wolfSSL 5.9.4,180732,30944
rp2040,X25519MLKEM768 signed,0,41,67823,20457,70516,1699,3681,3605,wolfSSL 5.9.4,128336,30888
rp2040,X25519MLKEM768 signed,0,42,67933,15168,70398,2030,3681,3605,wolfSSL 5.9.4,323783,30981
rp2040,X25519MLKEM768 signed,0,43,68119,45032,70668,1705,3681,3605,wolfSSL 5.9.4,100942,30631
rp2040,X25519MLKEM768 signed,0,44,68014,24466,70376,2011,3681,3605,wolfSSL 5.9.4,493085,30976
rp2040,X25519MLKEM768 signed,0,45,68147,31629,70641,2016,3681,3605,wolfSSL 5.9.4,52385,30650
rp2040,X25519MLKEM768 signed,0,46,68007,34836,71015,2024,3681,3605,wolfSSL 5.9.4,659975,30842
rp2040,X25519MLKEM768 signed,0,47,68161,28100,70529,1969,3681,3605,wolfSSL 5.9.4,267484,30862
rp2040,X25519MLKEM768 signed,0,48,68177,23727,70630,1964,3681,3605,wolfSSL 5.9.4,92386,30843
rp2040,X25519MLKEM768 signed,0,49,67911,28002,71111,2012,3681,3605,wolfSSL 5.9.4,52326,30916
rp2040,X25519,0,0,57396,7050,57007,1732,67,96,wolfSSL 5.9.4,,
rp2040,X25519,0,1,57064,18361,57156,1729,67,96,wolfSSL 5.9.4,,
rp2040,X25519,0,2,57522,6385,56986,1752,67,96,wolfSSL 5.9.4,,
rp2040,X25519,0,3,56979,23444,56964,1746,67,96,wolfSSL 5.9.4,,
rp2040,X25519,0,4,57437,6123,56942,1725,67,96,wolfSSL 5.9.4,,
rp2040,X25519,0,5,57103,20935,57069,1492,67,96,wolfSSL 5.9.4,,
rp2040,X25519,0,6,57581,9725,56989,1727,67,96,wolfSSL 5.9.4,,
rp2040,X25519,0,7,57020,15457,57036,1532,67,96,wolfSSL 5.9.4,,
rp2040,X25519,0,8,57532,6379,57593,1724,67,96,wolfSSL 5.9.4,,
rp2040,X25519,0,9,57089,14123,57074,1779,67,96,wolfSSL 5.9.4,,
rp2040,X25519,0,10,57476,5805,57005,1533,67,96,wolfSSL 5.9.4,,
rp2040,X25519,0,11,56985,26351,56923,1727,67,96,wolfSSL 5.9.4,,
rp2040,X25519,0,12,57597,6313,57158,1725,67,96,wolfSSL 5.9.4,,
rp2040,X25519,0,13,57077,16072,57578,1497,67,96,wolfSSL 5.9.4,,
rp2040,X25519,0,14,57188,6210,57060,1729,67,96,wolfSSL 5.9.4,,
rp2040,X25519,0,15,57159,23828,57528,1745,67,96,wolfSSL 5.9.4,,
rp2040,X25519,0,16,57090,5912,57066,1508,67,96,wolfSSL 5.9.4,,
rp2040,X25519,0,17,57011,17915,57483,1729,67,96,wolfSSL 5.9.4,,
rp2040,X25519,0,18,57253,6753,57042,1755,67,96,wolfSSL 5.9.4,,
rp2040,X25519,0,19,56978,21741,57530,1492,67,96,wolfSSL 5.9.4,,
rp2040,X25519,0,20,57010,6163,57170,1720,67,96,wolfSSL 5.9.4,,
rp2040,X25519,0,21,56975,18834,57461,1524,67,96,wolfSSL 5.9.4,,
rp2040,X25519,0,22,57080,6589,56914,1503,67,96,wolfSSL 5.9.4,,
rp2040,X25519,0,23,57135,20088,57362,1497,67,96,wolfSSL 5.9.4,,
rp2040,X25519,0,24,57134,6192,57067,1768,67,96,wolfSSL 5.9.4,,
rp2040,X25519,0,25,56988,18035,57435,1491,67,96,wolfSSL 5.9.4,,
rp2040,X25519,0,26,57146,6229,56930,1715,67,96,wolfSSL 5.9.4,,
rp2040,X25519,0,27,57045,22492,57496,1497,67,96,wolfSSL 5.9.4,,
rp2040,X25519,0,28,57092,6221,57125,1766,67,96,wolfSSL 5.9.4,,
rp2040,X25519,0,29,57099,17485,57534,1493,67,96,wolfSSL 5.9.4,,
rp2040,X25519,0,30,57217,6276,57165,1731,67,96,wolfSSL 5.9.4,,
rp2040,X25519,0,31,57066,22768,57542,1532,67,96,wolfSSL 5.9.4,,
rp2040,X25519,0,32,57030,6229,56922,1723,67,96,wolfSSL 5.9.4,,
rp2040,X25519,0,33,57114,18159,57065,1727,67,96,wolfSSL 5.9.4,,
rp2040,X25519,0,34,57025,5833,57031,1486,67,96,wolfSSL 5.9.4,,
rp2040,X25519,0,35,57017,22705,57109,1773,67,96,wolfSSL 5.9.4,,
rp2040,X25519,0,36,57078,6755,57067,1725,67,96,wolfSSL 5.9.4,,
rp2040,X25519,0,37,56979,19559,57240,1490,67,96,wolfSSL 5.9.4,,
rp2040,X25519,0,38,57028,6286,57023,1794,67,96,wolfSSL 5.9.4,,
rp2040,X25519,0,39,57578,20400,56948,1496,67,96,wolfSSL 5.9.4,,
rp2040,X25519,0,40,57089,5814,56908,1530,67,96,wolfSSL 5.9.4,,
rp2040,X25519,0,41,57734,12117,57141,1728,67,96,wolfSSL 5.9.4,,
rp2040,X25519,0,42,56994,6240,57030,1769,67,96,wolfSSL 5.9.4,,
rp2040,X25519,0,43,57607,20192,56994,1727,67,96,wolfSSL 5.9.4,,
rp2040,X25519,0,44,56965,9434,57355,1723,67,96,wolfSSL 5.9.4,,
rp2040,X25519,0,45,57586,19343,57093,1494,67,96,wolfSSL 5.9.4,,
rp2040,X25519,0,46,57012,6386,57106,1733,67,96,wolfSSL 5.9.4,,
rp2040,X25519,0,47,57973,27012,57046,1727,67,96,wolfSSL 5.9.4,,
rp2040,X25519,0,48,57031,5813,57068,1495,67,96,wolfSSL 5.9.4,,
rp2040,X25519,0,49,57493,16567,56998,1730,67,96,wolfSSL 5.9.4,,
rp2040,X25519MLKEM768,0,0,68576,10352,70720,1787,1260,1185,wolfSSL 5.9.4,,
rp2040,X25519MLKEM768,0,1,68328,10947,71311,1963,1260,1185,wolfSSL 5.9.4,,
rp2040,X25519MLKEM768,0,2,68250,10424,70825,1790,1260,1185,wolfSSL 5.9.4,,
rp2040,X25519MLKEM768,0,3,68730,8536,71358,1793,1260,1185,wolfSSL 5.9.4,,
rp2040,X25519MLKEM768,0,4,68197,11722,70933,1739,1260,1185,wolfSSL 5.9.4,,
rp2040,X25519MLKEM768,0,5,68763,7690,70744,2049,1260,1185,wolfSSL 5.9.4,,
rp2040,X25519MLKEM768,0,6,68034,13608,71488,1739,1260,1185,wolfSSL 5.9.4,,
rp2040,X25519MLKEM768,0,7,68274,12932,70608,2023,1260,1185,wolfSSL 5.9.4,,
rp2040,X25519MLKEM768,0,8,68234,14483,71401,1745,1260,1185,wolfSSL 5.9.4,,
rp2040,X25519MLKEM768,0,9,68207,11996,71412,1746,1260,1185,wolfSSL 5.9.4,,
rp2040,X25519MLKEM768,0,10,68804,14306,70656,2047,1260,1185,wolfSSL 5.9.4,,
rp2040,X25519MLKEM768,0,11,68209,12951,71357,2085,1260,1185,wolfSSL 5.9.4,,
rp2040,X25519MLKEM768,0,12,68265,14565,70863,1787,1260,1185,wolfSSL 5.9.4,,
rp2040,X25519MLKEM768,0,13,68181,12190,70789,1773,1260,1185,wolfSSL 5.9.4,,
rp2040,X25519MLKEM768,0,14,68360,15587,70765,2052,1260,1185,wolfSSL 5.9.4,,
rp2040,X25519MLKEM768,0,15,68801,13481,70806,2064,1260,1185,wolfSSL 5.9.4,,
rp2040,X25519MLKEM768,0,16,68535,16686,71362,2055,1260,1185,wolfSSL 5.9.4,,
rp2040,X25519MLKEM768,0,17,68537,10924,70933,1795,1260,1185,wolfSSL 5.9.4,,
rp2040,X25519MLKEM768,0,18,68811,12388,70973,1778,1260,1185,wolfSSL 5.9.4,,
rp2040,X25519MLKEM768,0,19,68118,13024,70924,2021,1260,1185,wolfSSL 5.9.4,,
rp2040,X25519MLKEM768,0,20,69054,14445,70647,2063,1260,1185,wolfSSL 5.9.4,,
rp2040,X25519MLKEM768,0,21,68162,12610,71418,1784,1260,1185,wolfSSL 5.9.4,,
rp2040,X25519MLKEM768,0,22,68250,14491,70650,1769,1260,1185,wolfSSL 5.9.4,,
rp2040,X25519MLKEM768,0,23,68766,9374,70817,1747,1260,1185,wolfSSL 5.9.4,,
rp2040,X25519MLKEM768,0,24,68157,18206,71521,2007,1260,1185,wolfSSL 5.9.4,,
rp2040,X25519MLKEM768,0,25,68231,11385,70678,1746,1260,1185,wolfSSL 5.9.4,,
rp2040,X25519MLKEM768,0,26,68752,17775,70739,1770,1260,1185,wolfSSL 5.9.4,,
rp2040,X25519MLKEM768,0,27,68229,10942,70845,1725,1260,1185,wolfSSL 5.9.4,,
rp2040,X25519MLKEM768,0,28,68758,14221,70808,1979,1260,1185,wolfSSL 5.9.4,,
rp2040,X25519MLKEM768,0,29,68014,12617,71248,1980,1260,1185,wolfSSL 5.9.4,,
rp2040,X25519MLKEM768,0,30,68428,16221,70781,1979,1260,1185,wolfSSL 5.9.4,,
rp2040,X25519MLKEM768,0,31,68604,11267,70769,1721,1260,1185,wolfSSL 5.9.4,,
rp2040,X25519MLKEM768,0,32,68045,15470,70817,1765,1260,1185,wolfSSL 5.9.4,,
rp2040,X25519MLKEM768,0,33,68924,11721,70802,2059,1260,1185,wolfSSL 5.9.4,,
rp2040,X25519MLKEM768,0,34,67966,15965,71341,2009,1260,1185,wolfSSL 5.9.4,,
rp2040,X25519MLKEM768,0,35,68377,12234,70619,1745,1260,1185,wolfSSL 5.9.4,,
rp2040,X25519MLKEM768,0,36,69013,14306,70680,1790,1260,1185,wolfSSL 5.9.4,,
rp2040,X25519MLKEM768,0,37,68117,13384,71361,2010,1260,1185,wolfSSL 5.9.4,,
rp2040,X25519MLKEM768,0,38,68105,14932,70829,2010,1260,1185,wolfSSL 5.9.4,,
rp2040,X25519MLKEM768,0,39,68241,11717,71320,1745,1260,1185,wolfSSL 5.9.4,,
rp2040,X25519MLKEM768,0,40,68151,15735,70849,1792,1260,1185,wolfSSL 5.9.4,,
rp2040,X25519MLKEM768,0,41,68741,12024,70770,1987,1260,1185,wolfSSL 5.9.4,,
rp2040,X25519MLKEM768,0,42,68187,14860,71272,2057,1260,1185,wolfSSL 5.9.4,,
rp2040,X25519MLKEM768,0,43,68420,11607,70762,2052,1260,1185,wolfSSL 5.9.4,,
rp2040,X25519MLKEM768,0,44,68037,11834,70618,1741,1260,1185,wolfSSL 5.9.4,,
rp2040,X25519MLKEM768,0,45,68165,18227,70812,1780,1260,1185,wolfSSL 5.9.4,,
rp2040,X25519MLKEM768,0,46,68826,13748,70827,2010,1260,1185,wolfSSL 5.9.4,,
rp2040,X25519MLKEM768,0,47,68030,14113,71327,2062,1260,1185,wolfSSL 5.9.4,,
rp2040,X25519MLKEM768,0,48,68512,14996,70609,1793,1260,1185,wolfSSL 5.9.4,,
rp2040,X25519MLKEM768,0,49,69049,19269,70715,1743,1260,1185,wolfSSL 5.9.4,,
rp2040,ML-KEM-512,0,0,6714,5879,8669,157,840,833,wolfSSL 5.9.4,,
rp2040,ML-KEM-512,0,1,7024,9043,8697,147,840,833,wolfSSL 5.9.4,,
rp2040,ML-KEM-512,0,2,6977,5708,8689,184,840,833,wolfSSL 5.9.4,,
rp2040,ML-KEM-512,0,3,6875,15521,8681,152,840,833,wolfSSL 5.9.4,,
rp2040,ML-KEM-512,0,4,6844,7108,8691,143,840,833,wolfSSL 5.9.4,,
rp2040,ML-KEM-512,0,5,7032,10932,8757,142,840,833,wolfSSL 5.9.4,,
rp2040,ML-KEM-512,0,6,6844,5933,8692,167,840,833,wolfSSL 5.9.4,,
rp2040,ML-KEM-512,0,7,6965,13952,8766,174,840,833,wolfSSL 5.9.4,,
rp2040,ML-KEM-512,0,8,6848,7625,8758,178,840,833,wolfSSL 5.9.4,,
rp2040,ML-KEM-512,0,9,7023,8960,8783,166,840,833,wolfSSL 5.9.4,,
rp2040,ML-KEM-512,0,10,6831,5166,8788,181,840,833,wolfSSL 5.9.4,,
rp2040,ML-KEM-512,0,11,6867,17188,8693,151,840,833,wolfSSL 5.9.4,,
rp2040,ML-KEM-512,0,12,6955,5411,8687,144,840,833,wolfSSL 5.9.4,,
rp2040,ML-KEM-512,0,13,7020,10170,8794,144,840,833,wolfSSL 5.9.4,,
rp2040,ML-KEM-512,0,14,6850,5028,8782,170,840,833,wolfSSL 5.9.4,,
rp2040,ML-KEM-512,0,15,6827,21113,9346,178,840,833,wolfSSL 5.9.4,,
rp2040,ML-KEM-512,0,16,6889,5134,8855,167,840,833,wolfSSL 5.9.4,,
rp2040,ML-KEM-512,0,17,6855,5091,8807,162,840,833,wolfSSL 5.9.4,,
rp2040,ML-KEM-512,0,18,6822,4903,8755,149,840,833,wolfSSL 5.9.4,,
rp2040,ML-KEM-512,0,19,6839,18632,8787,150,840,833,wolfSSL 5.9.4,,
rp2040,ML-KEM-512,0,20,6860,6196,8853,168,840,833,wolfSSL 5.9.4,,
rp2040,ML-KEM-512,0,21,6854,9474,8696,177,840,833,wolfSSL 5.9.4,,
rp2040,ML-KEM-512,0,22,6830,5042,8672,165,840,833,wolfSSL 5.9.4,,
rp2040,ML-KEM-512,0,23,6848,19154,8801,177,840,833,wolfSSL 5.9.4,,
rp2040,ML-KEM-512,0,24,6842,4998,8755,166,840,833,wolfSSL 5.9.4,,
rp2040,ML-KEM-512,0,25,6838,10606,9401,153,840,833,wolfSSL 5.9.4,,
rp2040,ML-KEM-512,0,26,6896,4984,8797,172,840,833,wolfSSL 5.9.4,,
rp2040,ML-KEM-512,0,27,6837,15017,8714,148,840,833,wolfSSL 5.9.4,,
rp2040,ML-KEM-512,0,28,6970,5388,8715,144,840,833,wolfSSL 5.9.4,,
rp2040,ML-KEM-512,0,29,6838,11546,8679,168,840,833,wolfSSL 5.9.4,,
rp2040,ML-KEM-512,0,30,6984,5122,8711,170,840,833,wolfSSL 5.9.4,,
rp2040,ML-KEM-512,0,31,7015,15481,8684,180,840,833,wolfSSL 5.9.4,,
rp2040,ML-KEM-512,0,32,6856,5981,8695,175,840,833,wolfSSL 5.9.4,,
rp2040,ML-KEM-512,0,33,7014,9693,8820,162,840,833,wolfSSL 5.9.4,,
rp2040,ML-KEM-512,0,34,6974,5880,8647,149,840,833,wolfSSL 5.9.4,,
rp2040,ML-KEM-512,0,35,6961,12997,9083,177,840,833,wolfSSL 5.9.4,,
rp2040,ML-KEM-512,0,36,6848,5335,8676,141,840,833,wolfSSL 5.9.4,,
rp2040,ML-KEM-512,0,37,6827,15974,8791,166,840,833,wolfSSL 5.9.4,,
rp2040,ML-KEM-512,0,38,6840,6412,8810,168,840,833,wolfSSL 5.9.4,,
rp2040,ML-KEM-512,0,39,6835,10245,8695,175,840,833,wolfSSL 5.9.4,,
rp2040,ML-KEM-512,0,40,6850,5703,8699,173,840,833,wolfSSL 5.9.4,,
rp2040,ML-KEM-512,0,41,6845,15562,8795,153,840,833,wolfSSL 5.9.4,,
rp2040,ML-KEM-512,0,42,6847,5796,8825,150,840,833,wolfSSL 5.9.4,,
rp2040,ML-KEM-512,0,43,6867,15064,8680,142,840,833,wolfSSL 5.9.4,,
rp2040,ML-KEM-512,0,44,7040,5313,8687,138,840,833,wolfSSL 5.9.4,,
rp2040,ML-KEM-512,0,45,6970,9892,8691,165,840,833,wolfSSL 5.9.4,,
rp2040,ML-KEM-512,0,46,6976,5011,8660,164,840,833,wolfSSL 5.9.4,,
rp2040,ML-KEM-512,0,47,6958,16794,8750,175,840,833,wolfSSL 5.9.4,,
rp2040,ML-KEM-512,0,48,7038,6357,8802,162,840,833,wolfSSL 5.9.4,,
rp2040,ML-KEM-512,0,49,6849,9781,8797,153,840,833,wolfSSL 5.9.4,,
rp2040,ML-KEM-768,0,0,10757,22775,13597,178,1224,1153,wolfSSL 5.9.4,,
rp2040,ML-KEM-768,0,1,10598,5546,13301,197,1224,1153,wolfSSL 5.9.4,,
rp2040,ML-KEM-768,0,2,10720,7827,13389,234,1224,1153,wolfSSL 5.9.4,,
rp2040,ML-KEM-768,0,3,10610,20120,13473,242,1224,1153,wolfSSL 5.9.4,,
rp2040,ML-KEM-768,0,4,10778,19703,13292,242,1224,1153,wolfSSL 5.9.4,,
rp2040,ML-KEM-768,0,5,10736,6506,13401,234,1224,1153,wolfSSL 5.9.4,,
rp2040,ML-KEM-768,0,6,10629,6001,13321,240,1224,1153,wolfSSL 5.9.4,,
rp2040,ML-KEM-768,0,7,10727,16362,13418,233,1224,1153,wolfSSL 5.9.4,,
rp2040,ML-KEM-768,0,8,10608,5440,13293,229,1224,1153,wolfSSL 5.9.4,,
rp2040,ML-KEM-768,0,9,10719,7880,13318,218,1224,1153,wolfSSL 5.9.4,,
rp2040,ML-KEM-768,0,10,10628,20803,13469,235,1224,1153,wolfSSL 5.9.4,,
rp2040,ML-KEM-768,0,11,10617,5777,13317,229,1224,1153,wolfSSL 5.9.4,,
rp2040,ML-KEM-768,0,12,10819,8599,13431,241,1224,1153,wolfSSL 5.9.4,,
rp2040,ML-KEM-768,0,13,10603,14983,13394,237,1224,1153,wolfSSL 5.9.4,,
rp2040,ML-KEM-768,0,14,10594,5567,13283,229,1224,1153,wolfSSL 5.9.4,,
rp2040,ML-KEM-768,0,15,10793,5447,13411,220,1224,1153,wolfSSL 5.9.4,,
rp2040,ML-KEM-768,0,16,10601,16606,13394,234,1224,1153,wolfSSL 5.9.4,,
rp2040,ML-KEM-768,0,17,10597,5716,13308,228,1224,1153,wolfSSL 5.9.4,,
rp2040,ML-KEM-768,0,18,10754,5824,13411,240,1224,1153,wolfSSL 5.9.4,,
rp2040,ML-KEM-768,0,19,10772,12469,13428,235,1224,1153,wolfSSL 5.9.4,,
rp2040,ML-KEM-768,0,20,10609,5405,13295,226,1224,1153,wolfSSL 5.9.4,,
rp2040,ML-KEM-768,0,21,10814,6252,13421,220,1224,1153,wolfSSL 5.9.4,,
rp2040,ML-KEM-768,0,22,11357,7188,13440,233,1224,1153,wolfSSL 5.9.4,,
rp2040,ML-KEM-768,0,23,10772,5920,13300,230,1224,1153,wolfSSL 5.9.4,,
rp2040,ML-KEM-768,0,24,10782,11670,13412,241,1224,1153,wolfSSL 5.9.4,,
rp2040,ML-KEM-768,0,25,10612,20689,13437,233,1224,1153,wolfSSL 5.9.4,,
rp2040,ML-KEM-768,0,26,10768,5397,13469,229,1224,1153,wolfSSL 5.9.4,,
rp2040,ML-KEM-768,0,27,10611,6858,13295,219,1224,1153,wolfSSL 5.9.4,,
rp2040,ML-KEM-768,0,28,10725,21936,13301,234,1224,1153,wolfSSL 5.9.4,,
rp2040,ML-KEM-768,0,29,10756,5603,13477,237,1224,1153,wolfSSL 5.9.4,,
rp2040,ML-KEM-768,0,30,10764,6984,13417,236,1224,1153,wolfSSL 5.9.4,,
rp2040,ML-KEM-768,0,31,10613,14189,13405,235,1224,1153,wolfSSL 5.9.4,,
rp2040,ML-KEM-768,0,32,10615,5650,13464,240,1224,1153,wolfSSL 5.9.4,,
rp2040,ML-KEM-768,0,33,10786,7115,13401,239,1224,1153,wolfSSL 5.9.4,,
rp2040,ML-KEM-768,0,34,10639,34036,13453,236,1224,1153,wolfSSL 5.9.4,,
rp2040,ML-KEM-768,0,35,10604,14744,13966,242,1224,1153,wolfSSL 5.9.4,,
rp2040,ML-KEM-768,0,36,10718,19674,13333,235,1224,1153,wolfSSL 5.9.4,,
rp2040,ML-KEM-768,0,37,11136,30809,13420,235,1224,1153,wolfSSL 5.9.4,,
rp2040,ML-KEM-768,0,38,10608,8387,13310,235,1224,1153,wolfSSL 5.9.4,,
rp2040,ML-KEM-768,0,39,10718,8294,13473,224,1224,1153,wolfSSL 5.9.4,,
rp2040,ML-KEM-768,0,40,10599,11937,13402,244,1224,1153,wolfSSL 5.9.4,,
rp2040,ML-KEM-768,0,41,10612,18579,13950,236,1224,1153,wolfSSL 5.9.4,,
rp2040,ML-KEM-768,0,42,10626,5618,13306,228,1224,1153,wolfSSL 5.9.4,,
rp2040,ML-KEM-768,0,43,10723,5864,13416,226,1224,1153,wolfSSL 5.9.4,,
rp2040,ML-KEM-768,0,44,10609,17001,13404,236,1224,1153,wolfSSL 5.9.4,,
rp2040,ML-KEM-768,0,45,10793,5569,13316,240,1224,1153,wolfSSL 5.9.4,,
rp2040,ML-KEM-768,0,46,10728,6221,13399,239,1224,1153,wolfSSL 5.9.4,,
rp2040,ML-KEM-768,0,47,10766,20208,13307,232,1224,1153,wolfSSL 5.9.4,,
rp2040,ML-KEM-768,0,48,10808,5840,13383,227,1224,1153,wolfSSL 5.9.4,,
rp2040,ML-KEM-768,0,49,11390,5982,13428,230,1224,1153,wolfSSL 5.9.4,,
rp2040,ML-KEM-1024,0,0,16201,14771,19565,349,1609,1633,wolfSSL 5.9.4,,
rp2040,ML-KEM-1024,0,1,16171,12315,19617,361,1609,1633,wolfSSL 5.9.4,,
rp2040,ML-KEM-1024,0,2,16537,20613,19751,337,1609,1633,wolfSSL 5.9.4,,
rp2040,ML-KEM-1024,0,3,16337,7730,19703,366,1609,1633,wolfSSL 5.9.4,,
rp2040,ML-KEM-1024,0,4,16345,16799,19589,324,1609,1633,wolfSSL 5.9.4,,
rp2040,ML-KEM-1024,0,5,16347,12881,19661,315,1609,1633,wolfSSL 5.9.4,,
rp2040,ML-KEM-1024,0,6,16508,16538,19756,334,1609,1633,wolfSSL 5.9.4,,
rp2040,ML-KEM-1024,0,7,16196,11927,19681,316,1609,1633,wolfSSL 5.9.4,,
rp2040,ML-KEM-1024,0,8,16320,17143,19662,318,1609,1633,wolfSSL 5.9.4,,
rp2040,ML-KEM-1024,0,9,16358,14570,19464,316,1609,1633,wolfSSL 5.9.4,,
rp2040,ML-KEM-1024,0,10,16191,15048,19580,323,1609,1633,wolfSSL 5.9.4,,
rp2040,ML-KEM-1024,0,11,16389,13022,19543,319,1609,1633,wolfSSL 5.9.4,,
rp2040,ML-KEM-1024,0,12,16359,14845,20138,329,1609,1633,wolfSSL 5.9.4,,
rp2040,ML-KEM-1024,0,13,16345,13928,19565,365,1609,1633,wolfSSL 5.9.4,,
rp2040,ML-KEM-1024,0,14,16334,19260,19570,324,1609,1633,wolfSSL 5.9.4,,
rp2040,ML-KEM-1024,0,15,16474,10566,19734,325,1609,1633,wolfSSL 5.9.4,,
rp2040,ML-KEM-1024,0,16,16433,19426,19590,317,1609,1633,wolfSSL 5.9.4,,
rp2040,ML-KEM-1024,0,17,16366,10902,19578,313,1609,1633,wolfSSL 5.9.4,,
rp2040,ML-KEM-1024,0,18,16523,19211,19738,339,1609,1633,wolfSSL 5.9.4,,
rp2040,ML-KEM-1024,0,19,16378,8683,19582,311,1609,1633,wolfSSL 5.9.4,,
rp2040,ML-KEM-1024,0,20,16346,23866,19731,318,1609,1633,wolfSSL 5.9.4,,
rp2040,ML-KEM-1024,0,21,16344,6769,19565,309,1609,1633,wolfSSL 5.9.4,,
rp2040,ML-KEM-1024,0,22,16359,13827,19586,326,1609,1633,wolfSSL 5.9.4,,
rp2040,ML-KEM-1024,0,23,16390,16074,19545,374,1609,1633,wolfSSL 5.9.4,,
rp2040,ML-KEM-1024,0,24,16188,18532,19564,365,1609,1633,wolfSSL 5.9.4,,
rp2040,ML-KEM-1024,0,25,16618,10983,19892,328,1609,1633,wolfSSL 5.9.4,,
rp2040,ML-KEM-1024,0,26,16379,16213,19564,328,1609,1633,wolfSSL 5.9.4,,
rp2040,ML-KEM-1024,0,27,16351,11127,19451,315,1609,1633,wolfSSL 5.9.4,,
rp2040,ML-KEM-1024,0,28,16178,16866,19560,360,1609,1633,wolfSSL 5.9.4,,
rp2040,ML-KEM-1024,0,29,16394,16495,19538,318,1609,1633,wolfSSL 5.9.4,,
rp2040,ML-KEM-1024,0,30,16484,13018,19857,337,1609,1633,wolfSSL 5.9.4,,
rp2040,ML-KEM-1024,0,31,16352,14095,19538,320,1609,1633,wolfSSL 5.9.4,,
rp2040,ML-KEM-1024,0,32,16355,17291,19704,315,1609,1633,wolfSSL 5.9.4,,
rp2040,ML-KEM-1024,0,33,16195,10445,19567,313,1609,1633,wolfSSL 5.9.4,,
rp2040,ML-KEM-1024,0,34,16328,17072,19641,326,1609,1633,wolfSSL 5.9.4,,
rp2040,ML-KEM-1024,0,35,16186,14262,19498,319,1609,1633,wolfSSL 5.9.4,,
rp2040,ML-KEM-1024,0,36,16186,20427,19749,318,1609,1633,wolfSSL 5.9.4,,
rp2040,ML-KEM-1024,0,37,16328,7927,19602,314,1609,1633,wolfSSL 5.9.4,,
rp2040,ML-KEM-1024,0,38,17242,17959,19812,378,1609,1633,wolfSSL 5.9.4,,
rp2040,ML-KEM-1024,0,39,16340,10437,19582,320,1609,1633,wolfSSL 5.9.4,,
rp2040,ML-KEM-1024,0,40,16321,18775,19639,318,1609,1633,wolfSSL 5.9.4,,
rp2040,ML-KEM-1024,0,41,16359,10713,19560,316,1609,1633,wolfSSL 5.9.4,,
rp2040,ML-KEM-1024,0,42,16345,16711,19641,328,1609,1633,wolfSSL 5.9.4,,
rp2040,ML-KEM-1024,0,43,16344,14630,19577,326,1609,1633,wolfSSL 5.9.4,,
rp2040,ML-KEM-1024,0,44,16184,16550,19639,326,1609,1633,wolfSSL 5.9.4,,
rp2040,ML-KEM-1024,0,45,16522,12551,19518,317,1609,1633,wolfSSL 5.9.4,,
rp2040,ML-KEM-1024,0,46,16502,15249,19782,338,1609,1633,wolfSSL 5.9.4,,
rp2040,ML-KEM-1024,0,47,16347,15852,19653,363,1609,1633,wolfSSL 5.9.4,,
rp2040,ML-KEM-1024,0,48,16363,14303,19504,318,1609,1633,wolfSSL 5.9.4,,
rp2040,ML-KEM-1024,0,49,16333,19130,19578,323,1609,1633,wolfSSL 5.9.4,,
rp2040,X25519,0,0,424063,21350,424333,1785,67,96,wolfSSL 5.9.4 (small X25519),,
rp2040,X25519,0,1,424325,21613,424382,1741,67,96,wolfSSL 5.9.4 (small X25519),,
rp2040,X25519,0,2,424227,21073,424294,1779,67,96,wolfSSL 5.9.4 (small X25519),,
rp2040,X25519,0,3,424337,21613,424259,1756,67,96,wolfSSL 5.9.4 (small X25519),,
rp2040,X25519,0,4,424320,21470,424423,1811,67,96,wolfSSL 5.9.4 (small X25519),,
rp2040,X25519,0,5,424269,21264,424724,1776,67,96,wolfSSL 5.9.4 (small X25519),,
rp2040,X25519,0,6,424196,20999,424326,1500,67,96,wolfSSL 5.9.4 (small X25519),,
rp2040,X25519,0,7,424288,21360,424313,1777,67,96,wolfSSL 5.9.4 (small X25519),,
rp2040,X25519,0,8,424335,21010,424386,1733,67,96,wolfSSL 5.9.4 (small X25519),,
rp2040,X25519,0,9,424326,21590,424470,1735,67,96,wolfSSL 5.9.4 (small X25519),,
rp2040,X25519,0,10,424241,21362,424312,1776,67,96,wolfSSL 5.9.4 (small X25519),,
rp2040,X25519,0,11,424774,23204,424349,1735,67,96,wolfSSL 5.9.4 (small X25519),,
rp2040,X25519,0,12,424337,18572,424303,1778,67,96,wolfSSL 5.9.4 (small X25519),,
rp2040,X25519,0,13,424345,21558,424289,1734,67,96,wolfSSL 5.9.4 (small X25519),,
rp2040,X25519,0,14,424714,20272,424347,1736,67,96,wolfSSL 5.9.4 (small X25519),,
rp2040,X25519,0,15,424841,21524,424323,1776,67,96,wolfSSL 5.9.4 (small X25519),,
rp2040,X25519,0,16,424324,21608,424383,1734,67,96,wolfSSL 5.9.4 (small X25519),,
rp2040,X25519,0,17,424814,20664,424416,1781,67,96,wolfSSL 5.9.4 (small X25519),,
rp2040,X25519,0,18,424253,21282,424766,1760,67,96,wolfSSL 5.9.4 (small X25519),,
rp2040,X25519,0,19,424935,23824,424316,1734,67,96,wolfSSL 5.9.4 (small X25519),,
rp2040,X25519,0,20,425252,16343,424273,1781,67,96,wolfSSL 5.9.4 (small X25519),,
rp2040,X25519,0,21,424845,21237,424530,1735,67,96,wolfSSL 5.9.4 (small X25519),,
rp2040,X25519,0,22,424454,20565,424627,1736,67,96,wolfSSL 5.9.4 (small X25519),,
rp2040,X25519,0,23,424171,35443,424465,1737,67,96,wolfSSL 5.9.4 (small X25519),,
rp2040,X25519,0,24,424268,17205,424524,1735,67,96,wolfSSL 5.9.4 (small X25519),,
rp2040,X25519,0,25,427658,189651,424875,1775,67,96,wolfSSL 5.9.4 (small X25519),,
rp2040,X25519,0,26,425197,9976,424600,1735,67,96,wolfSSL 5.9.4 (small X25519),,
rp2040,X25519,0,27,425215,10931,425236,1757,67,96,wolfSSL 5.9.4 (small X25519),,
rp2040,X25519,0,28,424677,20018,424785,1577,67,96,wolfSSL 5.9.4 (small X25519),,
rp2040,X25519,0,29,424535,22459,424466,1885,67,96,wolfSSL 5.9.4 (small X25519),,
rp2040,X25519,0,30,424501,18900,424548,1738,67,96,wolfSSL 5.9.4 (small X25519),,
rp2040,X25519,0,31,424498,20605,425348,1539,67,96,wolfSSL 5.9.4 (small X25519),,
rp2040,X25519,0,32,425227,26549,424858,1710,67,96,wolfSSL 5.9.4 (small X25519),,
rp2040,X25519,0,33,424719,13106,425476,1803,67,96,wolfSSL 5.9.4 (small X25519),,
rp2040,X25519,0,34,426230,93924,425855,1742,67,96,wolfSSL 5.9.4 (small X25519),,
rp2040,X25519,0,35,425885,41113,425019,1761,67,96,wolfSSL 5.9.4 (small X25519),,
rp2040,X25519,0,36,424449,16269,424464,1506,67,96,wolfSSL 5.9.4 (small X25519),,
rp2040,X25519,0,37,425153,10677,424520,1710,67,96,wolfSSL 5.9.4 (small X25519),,
rp2040,X25519,0,38,424529,9580,424366,1740,67,96,wolfSSL 5.9.4 (small X25519),,
rp2040,X25519,0,39,424473,12733,424649,1756,67,96,wolfSSL 5.9.4 (small X25519),,
rp2040,X25519,0,40,424765,9723,424612,1741,67,96,wolfSSL 5.9.4 (small X25519),,
rp2040,X25519,0,41,424418,25553,424474,1768,67,96,wolfSSL 5.9.4 (small X25519),,
rp2040,X25519,0,42,424493,15234,424528,1741,67,96,wolfSSL 5.9.4 (small X25519),,
rp2040,X25519,0,43,424494,20461,424808,1778,67,96,wolfSSL 5.9.4 (small X25519),,
rp2040,X25519,0,44,424445,19250,424491,1742,67,96,wolfSSL 5.9.4 (small X25519),,
rp2040,X25519,0,45,424544,23010,424704,1740,67,96,wolfSSL 5.9.4 (small X25519),,
rp2040,X25519,0,46,424441,19918,424479,1750,67,96,wolfSSL 5.9.4 (small X25519),,
rp2040,X25519,0,47,424436,21438,424415,1506,67,96,wolfSSL 5.9.4 (small X25519),,
rp2040,X25519,0,48,424462,21226,424741,1787,67,96,wolfSSL 5.9.4 (small X25519),,
rp2040,X25519,0,49,424458,20400,424693,1527,67,96,wolfSSL 5.9.4 (small X25519),,
rp2040,X25519MLKEM768,0,0,435226,19380,438499,2024,1260,1185,wolfSSL 5.9.4 (small X25519),,
rp2040,X25519MLKEM768,0,1,435689,11694,438314,1752,1260,1185,wolfSSL 5.9.4 (small X25519),,
rp2040,X25519MLKEM768,0,2,435602,45178,438343,2022,1260,1185,wolfSSL 5.9.4 (small X25519),,
rp2040,X25519MLKEM768,0,3,435346,10797,438381,2020,1260,1185,wolfSSL 5.9.4 (small X25519),,
rp2040,X25519MLKEM768,0,4,435285,19252,438558,2059,1260,1185,wolfSSL 5.9.4 (small X25519),,
rp2040,X25519MLKEM768,0,5,435074,12405,438785,2021,1260,1185,wolfSSL 5.9.4 (small X25519),,
rp2040,X25519MLKEM768,0,6,435251,11491,438120,2069,1260,1185,wolfSSL 5.9.4 (small X25519),,
rp2040,X25519MLKEM768,0,7,435437,25217,437995,2023,1260,1185,wolfSSL 5.9.4 (small X25519),,
rp2040,X25519MLKEM768,0,8,435492,11989,438180,2061,1260,1185,wolfSSL 5.9.4 (small X25519),,
rp2040,X25519MLKEM768,0,9,435540,21931,437972,2017,1260,1185,wolfSSL 5.9.4 (small X25519),,
rp2040,X25519MLKEM768,0,10,435477,9979,438616,1748,1260,1185,wolfSSL 5.9.4 (small X25519),,
rp2040,X25519MLKEM768,0,11,435424,11649,438114,2059,1260,1185,wolfSSL 5.9.4 (small X25519),,
rp2040,X25519MLKEM768,0,12,435586,17813,438352,2021,1260,1185,wolfSSL 5.9.4 (small X25519),,
rp2040,X25519MLKEM768,0,13,435376,11387,438178,2023,1260,1185,wolfSSL 5.9.4 (small X25519),,
rp2040,X25519MLKEM768,0,14,435872,13744,438334,2020,1260,1185,wolfSSL 5.9.4 (small X25519),,
rp2040,X25519MLKEM768,0,15,435186,29567,438362,2037,1260,1185,wolfSSL 5.9.4 (small X25519),,
rp2040,X25519MLKEM768,0,16,436009,10722,438112,1991,1260,1185,wolfSSL 5.9.4 (small X25519),,
rp2040,X25519MLKEM768,0,17,435311,19276,438133,2064,1260,1185,wolfSSL 5.9.4 (small X25519),,
rp2040,X25519MLKEM768,0,18,435413,11434,438024,2021,1260,1185,wolfSSL 5.9.4 (small X25519),,
rp2040,X25519MLKEM768,0,19,435459,11429,438601,2059,1260,1185,wolfSSL 5.9.4 (small X25519),,
rp2040,X25519MLKEM768,0,20,435611,30043,438265,2082,1260,1185,wolfSSL 5.9.4 (small X25519),,
rp2040,X25519MLKEM768,0,21,435367,13815,438542,2073,1260,1185,wolfSSL 5.9.4 (small X25519),,
rp2040,X25519MLKEM768,0,22,435157,23490,437994,1993,1260,1185,wolfSSL 5.9.4 (small X25519),,
rp2040,X25519MLKEM768,0,23,435395,11896,438067,2035,1260,1185,wolfSSL 5.9.4 (small X25519),,
rp2040,X25519MLKEM768,0,24,435206,23694,438080,2061,1260,1185,wolfSSL 5.9.4 (small X25519),,
rp2040,X25519MLKEM768,0,25,435759,10575,438077,1993,1260,1185,wolfSSL 5.9.4 (small X25519),,
rp2040,X25519MLKEM768,0,26,435691,11533,438362,2045,1260,1185,wolfSSL 5.9.4 (small X25519),,
rp2040,X25519MLKEM768,0,27,435889,16404,438243,2033,1260,1185,wolfSSL 5.9.4 (small X25519),,
rp2040,X25519MLKEM768,0,28,435365,14855,438172,2037,1260,1185,wolfSSL 5.9.4 (small X25519),,
rp2040,X25519MLKEM768,0,29,435258,12301,438062,2172,1260,1185,wolfSSL 5.9.4 (small X25519),,
rp2040,X25519MLKEM768,0,30,435431,24037,438253,2077,1260,1185,wolfSSL 5.9.4 (small X25519),,
rp2040,X25519MLKEM768,0,31,435742,18711,438187,2021,1260,1185,wolfSSL 5.9.4 (small X25519),,
rp2040,X25519MLKEM768,0,32,435774,27406,438203,2067,1260,1185,wolfSSL 5.9.4 (small X25519),,
rp2040,X25519MLKEM768,0,33,435965,10837,438097,1999,1260,1185,wolfSSL 5.9.4 (small X25519),,
rp2040,X25519MLKEM768,0,34,435454,17566,439007,2042,1260,1185,wolfSSL 5.9.4 (small X25519),,
rp2040,X25519MLKEM768,0,35,435276,11120,438083,1989,1260,1185,wolfSSL 5.9.4 (small X25519),,
rp2040,X25519MLKEM768,0,36,436112,8232,438090,2024,1260,1185,wolfSSL 5.9.4 (small X25519),,
rp2040,X25519MLKEM768,0,37,435773,21235,438075,1812,1260,1185,wolfSSL 5.9.4 (small X25519),,
rp2040,X25519MLKEM768,0,38,435494,10954,438466,2014,1260,1185,wolfSSL 5.9.4 (small X25519),,
rp2040,X25519MLKEM768,0,39,435285,11589,438260,2065,1260,1185,wolfSSL 5.9.4 (small X25519),,
rp2040,X25519MLKEM768,0,40,435212,26324,440142,2068,1260,1185,wolfSSL 5.9.4 (small X25519),,
rp2040,X25519MLKEM768,0,41,437876,11913,438121,1991,1260,1185,wolfSSL 5.9.4 (small X25519),,
rp2040,X25519MLKEM768,0,42,435807,16426,438233,2039,1260,1185,wolfSSL 5.9.4 (small X25519),,
rp2040,X25519MLKEM768,0,43,435359,11188,438058,2071,1260,1185,wolfSSL 5.9.4 (small X25519),,
rp2040,X25519MLKEM768,0,44,435685,11552,437884,2024,1260,1185,wolfSSL 5.9.4 (small X25519),,
rp2040,X25519MLKEM768,0,45,435046,17823,438541,2007,1260,1185,wolfSSL 5.9.4 (small X25519),,
rp2040,X25519MLKEM768,0,46,435593,13394,437850,1753,1260,1185,wolfSSL 5.9.4 (small X25519),,
rp2040,X25519MLKEM768,0,47,435199,14080,438378,2063,1260,1185,wolfSSL 5.9.4 (small X25519),,
rp2040,X25519MLKEM768,0,48,435376,23099,438047,1993,1260,1185,wolfSSL 5.9.4 (small X25519),,
rp2040,X25519MLKEM768,0,49,435015,12765,438738,2070,1260,1185,wolfSSL 5.9.4 (small X25519),,
rp2040,HQC-1,0,0,504387,36551,1543373,22899,2276,4498,wolfSSL 5.9.4,,
rp2040,HQC-1,0,1,504817,76117,1542032,20815,2276,4498,wolfSSL 5.9.4,,
rp2040,HQC-1,0,2,504335,42811,1543275,20107,2276,4498,wolfSSL 5.9.4,,
rp2040,HQC-1,0,3,504828,49745,1544136,24341,2276,4498,wolfSSL 5.9.4,,
rp2040,HQC-1,0,4,506859,59310,1544486,21116,2276,4498,wolfSSL 5.9.4,,
rp2040,HQC-1,0,5,504917,37747,1543631,20822,2276,4498,wolfSSL 5.9.4,,
rp2040,HQC-1,0,6,504519,49118,1543521,24307,2276,4498,wolfSSL 5.9.4,,
rp2040,HQC-1,0,7,504984,35881,1543477,24297,2276,4498,wolfSSL 5.9.4,,
rp2040,HQC-1,0,8,505976,64454,1542572,24283,2276,4498,wolfSSL 5.9.4,,
rp2040,HQC-1,0,9,505220,51348,1543251,24347,2276,4498,wolfSSL 5.9.4,,
rp2040,HQC-1,0,10,504559,51311,1542874,24469,2276,4498,wolfSSL 5.9.4,,
rp2040,HQC-1,0,11,504227,32577,1543317,24287,2276,4498,wolfSSL 5.9.4,,
rp2040,HQC-1,0,12,504706,46321,1543903,24304,2276,4498,wolfSSL 5.9.4,,
rp2040,HQC-1,0,13,504371,36324,1543647,24309,2276,4498,wolfSSL 5.9.4,,
rp2040,HQC-1,0,14,505348,35440,1544531,22408,2276,4498,wolfSSL 5.9.4,,
rp2040,HQC-1,0,15,504296,50075,1543887,23768,2276,4498,wolfSSL 5.9.4,,
rp2040,HQC-1,0,16,504483,50109,1543165,24290,2276,4498,wolfSSL 5.9.4,,
rp2040,HQC-1,0,17,505035,50951,1543471,24290,2276,4498,wolfSSL 5.9.4,,
rp2040,HQC-1,0,18,504291,35736,1543153,24331,2276,4498,wolfSSL 5.9.4,,
rp2040,HQC-1,0,19,504801,46297,1542712,24297,2276,4498,wolfSSL 5.9.4,,
rp2040,HQC-1,0,20,504703,37054,1543687,24314,2276,4498,wolfSSL 5.9.4,,
rp2040,HQC-1,0,21,505156,32400,1543622,20855,2276,4498,wolfSSL 5.9.4,,
rp2040,HQC-1,0,22,504358,33130,1548606,20879,2276,4498,wolfSSL 5.9.4,,
rp2040,HQC-1,0,23,504487,46273,1543361,21068,2276,4498,wolfSSL 5.9.4,,
rp2040,HQC-1,0,24,505158,57184,1544001,22260,2276,4498,wolfSSL 5.9.4,,
rp2040,HQC-1,0,25,505369,37006,1542866,20823,2276,4498,wolfSSL 5.9.4,,
rp2040,HQC-1,0,26,504573,36473,1544121,24301,2276,4498,wolfSSL 5.9.4,,
rp2040,HQC-1,0,27,504468,37869,1542234,24339,2276,4498,wolfSSL 5.9.4,,
rp2040,HQC-1,0,28,504398,32161,1542096,20829,2276,4498,wolfSSL 5.9.4,,
rp2040,HQC-1,0,29,505320,51476,1543338,24300,2276,4498,wolfSSL 5.9.4,,
rp2040,HQC-1,0,30,504736,52503,1541955,24304,2276,4498,wolfSSL 5.9.4,,
rp2040,HQC-1,0,31,504221,48693,1542902,24473,2276,4498,wolfSSL 5.9.4,,
rp2040,HQC-1,0,32,504490,36819,1543176,24474,2276,4498,wolfSSL 5.9.4,,
rp2040,HQC-1,0,33,504254,40584,1543636,20926,2276,4498,wolfSSL 5.9.4,,
rp2040,HQC-1,0,34,504271,44011,1543857,20819,2276,4498,wolfSSL 5.9.4,,
rp2040,HQC-1,0,35,504476,48755,1544501,24320,2276,4498,wolfSSL 5.9.4,,
rp2040,HQC-1,0,36,504890,50932,1543769,24300,2276,4498,wolfSSL 5.9.4,,
rp2040,HQC-1,0,37,504229,35757,1543569,24285,2276,4498,wolfSSL 5.9.4,,
rp2040,HQC-1,0,38,504734,44449,1542719,24291,2276,4498,wolfSSL 5.9.4,,
rp2040,HQC-1,0,39,504941,38099,1542660,24651,2276,4498,wolfSSL 5.9.4,,
rp2040,HQC-1,0,40,504770,35265,1542912,23963,2276,4498,wolfSSL 5.9.4,,
rp2040,HQC-1,0,41,504549,48699,1542927,24316,2276,4498,wolfSSL 5.9.4,,
rp2040,HQC-1,0,42,504796,35467,1542556,24308,2276,4498,wolfSSL 5.9.4,,
rp2040,HQC-1,0,43,504548,49553,1543733,24333,2276,4498,wolfSSL 5.9.4,,
rp2040,HQC-1,0,44,504379,49331,1543511,24297,2276,4498,wolfSSL 5.9.4,,
rp2040,HQC-1,0,45,504583,32116,1543447,20862,2276,4498,wolfSSL 5.9.4,,
rp2040,HQC-1,0,46,504389,37667,1542020,23826,2276,4498,wolfSSL 5.9.4,,
rp2040,HQC-1,0,47,506397,31765,1549373,20912,2276,4498,wolfSSL 5.9.4,,
rp2040,HQC-1,0,48,506160,43485,1544385,24294,2276,4498,wolfSSL 5.9.4,,
rp2040,HQC-1,0,49,504781,49217,1544978,24302,2276,4498,wolfSSL 5.9.4,,
