Board,KEM,library_version,nist_level,pk_B,ct_B,ss_B,status,n,keygen_mean_us,keygen_median_us,keygen_std_us,keygen_min_us,keygen_max_us,encaps_mean_us,encaps_median_us,encaps_std_us,encaps_min_us,encaps_max_us,decaps_mean_us,decaps_median_us,decaps_std_us,decaps_min_us,decaps_max_us,rtt_mean_ms,rtt_median_ms,rtt_std_ms,rtt_min_ms,rtt_max_ms,rtt_p90_ms,total_mean_ms,total_median_ms,total_std_ms,total_min_ms,total_max_ms,total_p90_ms,tx_B,rx_B,sign_mean_us,sign_median_us,sign_std_us,sign_min_us,sign_max_us,verify_mean_us,verify_median_us,verify_std_us,verify_min_us,verify_max_us
rp2040,ML-KEM-768 plain,wolfSSL 5.9.4,3,1184,1088,32,OK,50,11016.92,10981.5,216.2170983063088,10689.0,11749.0,233.46,236.0,17.13150314479147,173.0,273.0,13666.52,13631.0,191.69864266603454,13501.0,14345.0,9.91722,6.4375,5.604137472582199,5.37,27.133,19.415,34.60066,31.2675,5.596544543233798,29.860999999999997,51.586999999999996,44.062,1224.0,1153.0,,,,,,,,,,
rp2040,ML-KEM-768 mTLS,wolfSSL 5.9.4,3,1184,1088,32,OK,50,11026.46,11031.5,153.0843179427599,10699.0,11530.0,244.9,243.0,12.562245022288014,217.0,288.0,13794.44,13804.0,139.78757598585076,13656.0,14526.0,17.389200000000002,13.371,8.849243628695055,12.18,59.932,25.73,42.210100000000004,38.118,8.870176790233666,36.745000000000005,84.578,50.765,1246.0,1175.0,,,,,,,,,,
rp2040,ML-KEM-768 signed,wolfSSL 5.9.4,3,1184,1088,32,OK,50,11106.28,11044.0,123.78692014910138,10876.0,11471.0,259.76,254.0,24.026285605561256,194.0,319.0,13630.48,13636.0,156.23511001052228,13367.0,14230.0,37.90862,25.837,86.29315467727206,11.741,639.265,39.342,62.645379999999996,50.638999999999996,86.34349579438859,36.695,664.323,63.934,3645.0,3573.0,180127.4,127499.5,177070.88093280612,51812.0,1048800.0,30832.6,30856.0,148.40323446609915,30627.0,31221.0
rp2040,X25519MLKEM768 plain,wolfSSL 5.9.4,3,1216,1120,64,OK,50,68246.2,68105.5,320.9112026713932,67670.0,68976.0,1889.86,1969.0,143.7614704988788,1713.0,2160.0,70862.86,70682.0,321.9150825916673,70463.0,71528.0,14.013399999999999,12.5885,5.168396463120839,7.14,24.324,21.616,153.12246000000002,151.685,5.129441097078705,146.35199999999998,163.038,160.501,1260.0,1185.0,,,,,,,,,,
rp2040,X25519MLKEM768 mTLS,wolfSSL 5.9.4,3,1216,1120,64,OK,50,68252.66,68080.0,308.5693186303525,67887.0,69031.0,1862.92,1772.0,136.8901515814779,1697.0,2064.0,71008.4,70812.0,332.8748113029882,70622.0,72015.0,21.47468,19.0815,8.003969571256503,14.207,63.56,30.562,160.73574,158.57850000000002,8.026565152815992,152.962,202.899,169.898,1282.0,1207.0,,,,,,,,,,
rp2040,X25519MLKEM768 signed,wolfSSL 5.9.4,3,1216,1120,64,OK,50,68036.96,68019.5,170.8269252781891,67766.0,68724.0,1926.66,1969.5,122.35940666740747,1699.0,2166.0,70685.42,70614.5,271.5880770578856,70376.0,71540.0,28.313000000000002,24.833,13.802629779864416,15.168,107.299,38.649,167.03538,163.50900000000001,13.898739282237079,153.499,246.197,177.401,3681.0,3605.0,179690.04,147581.5,134693.0823874723,52071.0,659975.0,30854.86,30879.5,126.30423745860627,30630.0,31106.0
rp2040,X25519,wolfSSL 5.9.4,0,32,32,32,OK,50,57197.14,57089.5,244.41603957187425,56965.0,57973.0,1649.7,1725.0,115.33572733546184,1486.0,1794.0,57150.68,57067.5,206.9630343805386,56908.0,57593.0,13.14196,10.921,7.097913791981416,5.805,27.012,22.768,127.48978,125.64349999999999,7.1772183784248895,119.811,142.031,137.376,67.0,96.0,,,,,,,,,,
rp2040,X25519MLKEM768,wolfSSL 5.9.4,3,1216,1120,64,OK,50,68410.5,68269.5,309.3649139770055,67966.0,69054.0,1885.02,1793.0,134.18949139183738,1721.0,2085.0,70949.58,70821.0,287.14087761933166,70608.0,71521.0,13.36976,13.204,2.4318302865126094,7.69,19.269,16.686,152.72984,152.6895,2.4397256842522284,147.197,159.03300000000002,156.583,1260.0,1185.0,,,,,,,,,,
rp2040,ML-KEM-512,wolfSSL 5.9.4,1,800,768,32,OK,50,6898.16,6855.5,77.64003091189493,6714.0,7040.0,161.64,165.0,12.855753575734097,138.0,184.0,8771.16,8752.5,143.30224841222835,8647.0,9401.0,9.3859,7.3665,4.640388389994958,4.903,21.113,16.794,25.05522,22.936999999999998,4.680090684121409,20.48,37.286,32.502,840.0,833.0,,,,,,,,,,
rp2040,ML-KEM-768,wolfSSL 5.9.4,3,1184,1088,32,OK,50,10726.42,10719.5,164.58214848518656,10594.0,11390.0,231.44,234.0,11.101639518557608,178.0,244.0,13408.98,13403.0,130.58889539313824,13283.0,13966.0,11.3914,7.5075,7.153776214000547,5.397,34.036,20.803,35.5268,31.9265,7.1868210635857634,29.308999999999997,58.128,44.9,1224.0,1153.0,,,,,,,,,,
rp2040,ML-KEM-1024,wolfSSL 5.9.4,5,1568,1568,32,OK,50,16365.5,16347.0,162.1008636621039,16171.0,17242.0,329.5,323.5,18.087841220001906,309.0,378.0,19634.08,19587.5,120.39349484087585,19451.0,20138.0,14.766539999999999,14.808,3.6245571272087846,6.769,23.866,19.26,50.76612,50.685,3.6639259689027557,42.678,59.943000000000005,55.449,1609.0,1633.0,,,,,,,,,,
rp2040,X25519,wolfSSL 5.9.4 (small X25519),0,32,32,32,OK,50,424663.12,424467.5,597.8257819800012,424063.0,427658.0,1729.5,1741.0,80.88566003934196,1500.0,1885.0,424582.86,424476.5,325.6951341362041,424259.0,425855.0,25.01418,21.1495,26.255947761747244,9.58,189.651,26.549,874.26016,869.9045,26.844164998271037,858.4749999999999,1042.184,876.634,67.0,96.0,,,,,,,,,,
rp2040,X25519MLKEM768,wolfSSL 5.9.4 (small X25519),3,1216,1120,64,OK,50,435524.54,435434.0,421.70929370835546,435015.0,437876.0,2016.48,2024.0,80.80822730390761,1748.0,2172.0,438291.0,438195.0,354.58189463084545,437850.0,440142.0,16.50382,13.568999999999999,7.003354084122835,8.232,45.178,26.324,890.31936,887.6904999999999,7.013806720348094,882.434,919.123,901.383,1260.0,1185.0,,,,,,,,,,
rp2040,HQC-1,wolfSSL 5.9.4,1,2241,4433,32,OK,50,504790.86,504643.0,560.8993852733305,504221.0,506859.0,23286.22,24292.5,1523.6421927736183,20107.0,24651.0,1543578.64,1543459.0,1298.8397092790165,1541955.0,1549373.0,43.84832,43.748000000000005,9.18169077771627,31.765,76.117,52.503,2092.21782,2092.0205,9.157908930951436,2078.6549999999997,2122.966,2100.134,2276.0,4498.0,,,,,,,,,,
