Board,Library,Signature,Group,Mode,AEAD,Direction,TLS_suite,status,server_cert_B,client_cert_B,library_version,n,tcp_mean_ms,tcp_median_ms,tcp_std_ms,tcp_min_ms,tcp_max_ms,tls_mean_ms,tls_median_ms,tls_std_ms,tls_min_ms,tls_max_ms,mqtt_mean_ms,mqtt_median_ms,mqtt_std_ms,mqtt_min_ms,mqtt_max_ms,total_mean_ms,total_median_ms,total_std_ms,total_min_ms,total_max_ms,hs_tx_B,hs_rx_B,mqtt_tx_B,mqtt_rx_B,hs_writes,hs_reads,writes,reads,tx_segs,rx_segs,hs_keygen_mean_us,hs_keygen_median_us,hs_keygen_std_us,hs_keygen_min_us,hs_keygen_max_us,hs_derive_mean_us,hs_derive_median_us,hs_derive_std_us,hs_derive_min_us,hs_derive_max_us,hs_verify_mean_us,hs_verify_median_us,hs_verify_std_us,hs_verify_min_us,hs_verify_max_us,hs_sign_mean_us,hs_sign_median_us,hs_sign_std_us,hs_sign_min_us,hs_sign_max_us,hs_keygen_n,hs_derive_n,hs_verify_n,hs_sign_n,total_tx_B,total_rx_B,total_B,msgs,seal_mean_us,seal_median_us,seal_std_us,seal_min_us,seal_max_us,open_mean_us,open_median_us,open_std_us,open_min_us,open_max_us,rtt_mean_ms,rtt_median_ms,rtt_std_ms,rtt_min_ms,rtt_max_ms,e2e_mean_ms,e2e_median_ms,e2e_std_ms,e2e_min_ms,e2e_max_ms,e2e_p90_ms,msg_tx_B,msg_rx_B,whole_first_mean_ms,whole_first_median_ms,whole_first_std_ms,whole_first_min_ms,whole_first_max_ms,whole_all_mean_ms,whole_all_median_ms,whole_all_std_ms,whole_all_min_ms,whole_all_max_ms,peak_heap_B,stack_peak_B,free_heap_first_B,free_heap_last_B
rp2040,none,(plain MQTT reference),,plain,lorawan11,uplink,,OK,,,none (plain MQTT),3,4.515333333333333,4.366,0.21615786412301127,4.359,4.821,0.0023333333333333335,0.002,0.0004714045207910317,0.002,0.003,18.383666666666667,22.179,9.207344363182155,5.699,27.273,22.90133333333333,27.002,9.269472812529427,10.068,31.634,0,0,23,4,0,0,1,1,,,0.0,0.0,0.0,0.0,0.0,0.0,0.0,0.0,0.0,0.0,0.0,0.0,0.0,0.0,0.0,0.0,0.0,0.0,0.0,0.0,0.0,0.0,0.0,0.0,23,4,27,600,698.9316666666666,701.0,24.081673472211648,667.0,844.0,778.0883333333334,776.0,27.85367475257479,751.0,1202.0,6.64281,4.687,5.800970293887624,3.338,35.526,8.11983,6.16,5.806020905442327,4.81,37.374,9.904,90,90,37.48166666666666,38.949,9.19045360989084,25.564,47.932,1695.4840000000002,1688.13,16.129703179744737,1680.461,1717.861,,2368,136372,136372
rp2040,none,(plain MQTT reference),,plain,lorawan11,downlink,,OK,,,none (plain MQTT),3,14.433666666666667,9.352,8.49047169217091,7.553,26.396,0.002,0.002,0.0,0.002,0.002,4.472,4.453,0.03873843913565245,4.437,4.526,18.907666666666668,13.88,8.48031227150405,11.992,30.851,0,0,23,4,0,0,1,1,,,0.0,0.0,0.0,0.0,0.0,0.0,0.0,0.0,0.0,0.0,0.0,0.0,0.0,0.0,0.0,0.0,0.0,0.0,0.0,0.0,0.0,0.0,0.0,0.0,23,4,27,600,432.15,422.5,33.46745931996233,404.0,909.0,513.1583333333333,512.0,21.136617449871732,491.0,897.0,6.64549,4.6884999999999994,5.923896669414483,3.484,33.877,7.590798333333334,5.632,5.925631074493014,4.396,34.817,10.142,90,90,38.687,41.568,10.850280395762438,24.194,50.299,1585.963,1608.418,48.02797781154923,1519.221,1630.25,,2296,136372,136372
rp2040,none,(plain MQTT reference),,plain,lorawan11_256,uplink,,OK,,,none (plain MQTT),3,5.170000000000001,5.354,0.4761743378217687,4.517,5.639,0.002,0.002,0.0,0.002,0.002,11.125,4.577,9.44115660287446,4.322,24.476,16.297,9.678,9.77510378461528,9.096,30.117,0,0,23,4,0,0,1,1,,,0.0,0.0,0.0,0.0,0.0,0.0,0.0,0.0,0.0,0.0,0.0,0.0,0.0,0.0,0.0,0.0,0.0,0.0,0.0,0.0,0.0,0.0,0.0,0.0,23,4,27,600,938.0366666666666,934.0,31.980962913722422,899.0,1385.0,1012.9466666666667,1008.0,28.312020219138176,983.0,1389.0,6.575003333333333,4.524,5.899153959113309,3.435,38.821,8.525986666666666,6.4735,5.901406619879328,5.378,40.775,9.819,90,90,31.147000000000002,25.285,8.409903962987132,25.116,43.04,1768.5006666666668,1767.891,17.504055955374735,1747.374,1790.237,,2368,136372,136372
rp2040,none,(plain MQTT reference),,plain,lorawan11_256,downlink,,OK,,,none (plain MQTT),3,11.378666666666668,4.386,9.897610530942417,4.374,25.376,0.002,0.002,0.0,0.002,0.002,12.355333333333334,5.093,10.798694499285036,4.352,27.621,23.736,30.471,10.622058212355395,8.74,31.997,0,0,23,4,0,0,1,1,,,0.0,0.0,0.0,0.0,0.0,0.0,0.0,0.0,0.0,0.0,0.0,0.0,0.0,0.0,0.0,0.0,0.0,0.0,0.0,0.0,0.0,0.0,0.0,0.0,23,4,27,600,569.1916666666667,572.0,28.622280317185695,543.0,1028.0,649.765,649.0,20.32083762217165,623.0,1007.0,6.418856666666667,4.336,6.064753430502257,3.449,37.549,7.637813333333334,5.554,6.066062463835626,4.681,38.749,9.175,90,90,37.502,41.956,9.664956216489896,24.084,46.466,1598.847,1597.902,22.739043881981182,1571.482,1627.157,,2280,136372,136372
rp2040,wolfSSL,SNOVA1K,X25519MLKEM768,TLS,lorawan11,uplink,TLS13-AES256-GCM-SHA384,OK,1167,,wolfSSL 5.9.4,3,12.520000000000001,5.442,10.754302301869703,4.401,27.717,2245.4466666666667,2242.744,7.637165326364207,2237.742,2255.854,15.975999999999999,17.73,2.9099327598188016,11.875,18.323,2273.942666666667,2277.985,14.061750728680781,2255.059,2288.784,1391,3051,45,568,2,12,3,18,,,66218.33333333333,66217.0,34.30581421404962,66177.0,66261.0,70611.33333333333,69969.0,920.4434921396437,69952.0,71913.0,2026283.0,2026107.0,715.5422186472764,2025508.0,2027234.0,0.0,0.0,0.0,0.0,0.0,2.0,2.0,2.0,0.0,1436,3619,5055,600,715.555,716.0,32.29133488001593,673.0,893.0,863.9666666666667,860.0,51.766065675841695,824.0,1437.0,9.645266666666666,6.334,13.820210703129272,5.451,240.139,11.224788333333333,7.920999999999999,13.819895831862501,7.024,241.725,24.611,112,112,2290.2613333333334,2292.364,11.881968112321468,2274.772,2303.648,4581.701,4439.033,213.26530315235672,4422.91,4883.16,21951,12384,134884,134884
rp2040,wolfSSL,SNOVA1K,X25519MLKEM768,TLS,lorawan11,downlink,TLS13-AES256-GCM-SHA384,OK,1167,,wolfSSL 5.9.4,3,15.135999999999997,6.43,13.03140606381368,5.422,33.556,2239.994,2240.217,4.229534962617074,2234.706,2245.059,14.865333333333334,15.941,1.8359296161769256,12.281,16.374,2269.9953333333337,2262.762,14.107096023711572,2257.51,2289.714,1391,3051,45,568,2,12,3,18,,,66211.33333333333,66143.0,105.2372979931017,66131.0,66360.0,70190.66666666667,70162.0,129.78272441105386,70048.0,70362.0,2025185.3333333333,2025488.0,582.8672423650365,2024370.0,2025698.0,0.0,0.0,0.0,0.0,0.0,2.0,2.0,2.0,0.0,1436,3619,5055,600,445.03833333333336,431.0,36.76153148635435,416.0,1017.0,590.85,595.0,45.54928649276518,562.0,1135.0,9.173333333333334,6.5705,7.172298474144967,5.428,62.694,10.209221666666668,7.62,7.172638812357036,6.492,63.716,23.504,112,112,2286.0616666666665,2278.115,14.511217025306845,2273.649,2306.421,4375.273,4376.605,87.50737451590362,4267.439,4481.775,21951,12384,134884,134884
rp2040,wolfSSL,SNOVA1K,X25519MLKEM768,TLS,lorawan11_256,uplink,TLS13-AES256-GCM-SHA384,OK,1167,,wolfSSL 5.9.4,3,8.514333333333333,8.416,3.1348933350629684,4.725,12.402,2244.5113333333334,2242.845,3.8371653020890544,2240.872,2249.817,13.260666666666665,13.596,1.0223699047909334,11.875,14.311,2266.2863333333335,2262.884,7.378175489615041,2259.445,2276.53,1391,3051,45,568,2,12,3,18,,,66196.33333333333,66188.0,38.421637422450154,66154.0,66247.0,70278.33333333333,70356.0,165.72333034977973,70048.0,70431.0,2029615.0,2028630.0,2623.2517988176432,2027010.0,2033205.0,0.0,0.0,0.0,0.0,0.0,2.0,2.0,2.0,0.0,1436,3619,5055,600,960.6966666666667,948.0,69.23393668490107,908.0,1579.0,1095.9216666666666,1090.0,41.68599521688576,1066.0,1654.0,9.550733333333334,6.449999999999999,8.327273175068909,5.43,88.844,11.607351666666666,8.4945,8.335434743990895,7.499,90.892,26.673,112,112,2290.153,2279.785,16.334191072716145,2277.46,2313.214,4648.527333333333,4687.272,68.11191658994463,4552.781,4705.529,21951,12384,134884,134884
rp2040,wolfSSL,SNOVA1K,X25519MLKEM768,TLS,lorawan11_256,downlink,TLS13-AES256-GCM-SHA384,OK,1167,,wolfSSL 5.9.4,3,5.548666666666667,5.666,0.7508756369880584,4.576,6.404,2240.3086666666663,2239.147,2.726019605374909,2237.706,2244.073,13.832666666666666,13.34,1.2442961419569254,12.616,15.542,2259.69,2258.167,4.087682065262291,2255.622,2265.281,1391,3051,45,568,2,12,3,18,,,66160.66666666667,66180.0,66.7349650150171,66071.0,66231.0,70633.0,70465.0,580.5652418118053,70021.0,71413.0,2025210.0,2024885.0,774.230370540104,2024467.0,2026278.0,0.0,0.0,0.0,0.0,0.0,2.0,2.0,2.0,0.0,1436,3619,5055,600,586.1316666666667,590.0,37.112320468485336,549.0,1183.0,727.995,731.0,22.45859096945606,696.0,889.0,9.072221666666666,6.48,6.9334048592686806,5.393,36.84,10.386348333333334,7.8095,6.93378051525024,6.695,38.149,23.464,112,112,2283.7376666666664,2282.114,11.698491137274383,2270.291,2298.808,4398.4946666666665,4415.92,50.74997075423371,4329.486,4450.078,21951,12480,134884,134884
rp2040,wolfSSL,SNOVA1K,X25519MLKEM768,mTLS,lorawan11,uplink,TLS13-AES256-GCM-SHA384,OK,1167,1175,wolfSSL 5.9.4,3,12.226333333333335,5.592,9.497145758361064,5.43,25.657,3610.834666666667,3611.656,1.1750013711577303,3609.173,3611.675,29.996,28.665,3.1576196731082113,26.97,34.353,3653.0570000000002,3651.458,8.587956800077666,3643.43,3664.283,3159,3237,45,2904,4,14,5,20,,,66365.66666666667,66170.0,291.68971337517013,66149.0,66778.0,70241.66666666667,70156.0,309.31788754541105,69913.0,70656.0,2026830.0,2027562.0,1554.3257916751772,2024669.0,2028259.0,1353883.0,1353531.0,954.0482168108696,1352931.0,1355187.0,2.0,2.0,2.0,1.0,3204,6141,9345,600,717.3633333333333,716.0,50.14354051675605,674.0,1316.0,859.6366666666667,859.0,25.976040028371443,824.0,1029.0,9.064488333333333,6.316,7.287214178490792,5.442,41.35,10.641488333333333,7.888999999999999,7.287522937404535,7.007,42.916,25.647,112,112,3669.8073333333336,3667.698,8.798536443952159,3660.242,3681.482,5843.543666666667,5826.629,33.087102727329906,5814.218,5889.784,23663,41504,133140,133140
rp2040,wolfSSL,SNOVA1K,X25519MLKEM768,mTLS,lorawan11,downlink,TLS13-AES256-GCM-SHA384,OK,1167,1175,wolfSSL 5.9.4,3,14.912333333333335,7.605,11.914074151560786,5.418,31.714,3617.3199999999997,3608.975,11.928408136321732,3608.796,3634.189,31.197999999999997,25.033,10.103030073530745,23.118,45.443,3663.4303333333337,3662.023,20.344503095977245,3639.247,3689.021,3159,3237,45,2904,4,14,5,20,,,66315.0,66351.0,91.78235124467012,66189.0,66405.0,70121.33333333333,70125.0,20.171487027209693,70095.0,70144.0,2026889.3333333333,2026604.0,475.2475378392004,2026505.0,2027559.0,1354799.6666666667,1355412.0,1796.5845992388508,1352358.0,1356629.0,2.0,2.0,2.0,1.0,3204,6141,9345,600,448.50166666666667,433.0,52.39198409320096,415.0,1050.0,589.4533333333334,596.0,26.258417486377372,560.0,762.0,9.326736666666667,6.4704999999999995,7.955281527429156,5.329,80.437,10.364691666666666,7.5365,7.952437203562014,6.352,81.488,25.3,112,112,3694.2129999999997,3683.242,20.109436209567402,3676.976,3722.421,5813.566666666667,5803.328,112.89339833764532,5680.705,5956.667,23663,41464,133140,133140
rp2040,wolfSSL,SNOVA1K,X25519MLKEM768,mTLS,lorawan11_256,uplink,TLS13-AES256-GCM-SHA384,OK,1167,1175,wolfSSL 5.9.4,3,6.7683333333333335,6.423,1.230439036369629,5.464,8.418,3610.367333333333,3613.327,5.330649762354469,3602.883,3614.892,43.49633333333333,46.521,4.914401783420734,36.565,47.403,3660.632,3666.194,10.542684130081218,3645.871,3669.831,3159,3237,45,2904,4,14,5,20,,,66392.66666666667,66302.0,274.5837253411466,66111.0,66765.0,70385.0,70443.0,240.30952263001703,70066.0,70646.0,2027011.3333333333,2027729.0,2410.0337941383495,2023767.0,2029538.0,1355927.3333333333,1355004.0,3882.2139159104677,1351702.0,1361076.0,2.0,2.0,2.0,1.0,3204,6141,9345,600,953.4866666666667,949.0,43.38117666556417,908.0,1559.0,1099.2066666666667,1090.0,53.70407143679973,1067.0,1649.0,11.336838333333333,6.297000000000001,59.44639676494725,5.332,1455.132,13.389531666666667,8.3555,59.446347041224186,7.383,1457.177,24.664,112,112,3677.644666666667,3684.376,11.828321389313567,3661.017,3687.541,6401.321333333333,6012.555,602.4524934921333,5939.146,7252.263,23663,41464,133140,133140
rp2040,wolfSSL,SNOVA1K,X25519MLKEM768,mTLS,lorawan11_256,downlink,TLS13-AES256-GCM-SHA384,OK,1167,1175,wolfSSL 5.9.4,3,5.87,5.417,1.1114612004024254,4.793,7.4,3613.9373333333333,3606.594,12.145375452775857,3604.162,3631.056,40.879333333333335,47.915,10.710385188632987,25.745,48.978,3660.6866666666665,3660.989,0.8903094343479899,3659.477,3661.594,3159,3237,45,2904,4,14,5,20,,,66203.33333333333,66200.0,10.077477638553983,66193.0,66217.0,70379.33333333333,70432.0,208.29679679619548,70102.0,70604.0,2026536.3333333333,2026782.0,1124.3440556856053,2025053.0,2027774.0,1354433.6666666667,1354808.0,882.0522786219773,1353216.0,1355277.0,2.0,2.0,2.0,1.0,3204,6141,9345,600,590.0383333333333,590.0,56.08972155296271,551.0,1185.0,726.535,731.0,21.702813373692667,695.0,840.0,8.709965,6.365,6.4005162443177195,5.441,36.832,10.026538333333333,7.6925,6.39911358407271,6.729,38.154,15.752,112,112,3682.924333333334,3676.416,10.525462597381994,3674.585,3697.772,5734.3876666666665,5711.028,34.79888098136985,5708.555,5783.58,23663,41472,133140,133140
