mode,sig,group,n,mean_ms,median_ms,std_ms,min_ms,max_ms,p90_ms,p99_ms,ops_s,hs_tx_B,hs_rx_B,hs_B,writes,reads,tx_segs,rx_segs,wire_tx_B,wire_rx_B,wire_B,status,hs_keygen_median_us,hs_derive_median_us,hs_verify_median_us,hs_sign_median_us,hs_keygen_n,hs_derive_n,hs_verify_n,hs_sign_n
TLS,RSA2048,MLKEM512,20,140.659,136.2915,7.0003,133.348,153.567,150.046,153.567,7.1,983,2104,3087,2,12,,,,,,OK,5979.5,8513.0,52381.0,0.0,1.0,1.0,2.0,0.0
TLS,RSA2048,MLKEM768,20,151.2467,148.2555,6.0291,144.437,160.693,160.653,160.693,6.6,1367,2424,3791,2,12,,,,,,OK,9287.5,13148.0,52369.0,0.0,1.0,1.0,2.0,0.0
TLS,RSA2048,MLKEM1024,20,171.3246,170.1995,5.0377,163.874,181.752,180.369,181.752,5.8,1751,2904,4655,2,12,,,,,,OK,14336.0,19265.5,52324.0,0.0,1.0,1.0,2.0,0.0
TLS,RSA2048,X25519MLKEM768,20,269.507,268.7515,3.9719,263.776,277.54,276.181,277.54,3.7,1399,2416,3815,2,12,,,,,,OK,66195.5,70097.0,52375.0,0.0,2.0,2.0,2.0,0.0
TLS,RSA2048,SecP256r1MLKEM768,20,254.0834,253.9185,1.7707,251.951,259.414,256.105,259.414,3.9,1432,2489,3921,2,12,,,,,,OK,41105.5,82748.0,52375.0,0.0,2.0,2.0,2.0,0.0
TLS,RSA2048,SecP384r1MLKEM1024,20,664.307,663.742,5.1959,656.551,672.928,672.803,672.928,1.5,1848,3001,4849,2,13,,,,,,OK,170453.0,351974.0,52383.0,0.0,2.0,2.0,2.0,0.0
TLS,RSA2048,SecP256r1MLKEM512,0,,,,,,,,,,,,,,,,,,,tls handshake failed: error state on socket,,,,,,,,
TLS,RSA2048,x25519_mlkem512,0,,,,,,,,,,,,,,,,,,,tls handshake failed: received alert fatal error,,,,,,,,
TLS,RSA2048,p384_mlkem768,0,,,,,,,,,,,,,,,,,,,hung during TCP connect after 0 recorded connections (watchdog reset),,,,,,,,
TLS,RSA2048,p521_mlkem1024,20,917.0415,882.0295,134.553,874.186,1501.146,919.248,1501.146,1.1,1884,3037,4921,2,13,,,,,,OK,247703.5,492801.5,52353.5,0.0,2.0,2.0,2.0,0.0
TLS,RSA2048,x448_mlkem768,20,573.5308,575.422,5.6574,551.779,578.115,577.322,578.115,1.7,1423,2480,3903,2,12,,,,,,OK,210685.5,214300.0,52425.0,0.0,2.0,2.0,2.0,0.0
TLS,RSA2048,X25519,20,238.9916,239.4475,5.0922,232.291,247.815,246.981,247.815,4.2,215,1368,1583,2,12,,,,,,OK,57010.0,56853.5,52363.0,0.0,1.0,1.0,2.0,0.0
TLS,RSA2048,secp256r1,20,225.1482,221.9925,5.84,216.511,235.224,234.222,235.224,4.4,248,1401,1649,2,12,,,,,,OK,31857.0,69613.5,52425.5,0.0,1.0,1.0,2.0,0.0
mTLS,RSA2048,MLKEM512,20,1153.5754,1152.07,8.1135,1145.28,1182.294,1162.268,1182.294,0.9,2116,2274,4390,4,14,,,,,,OK,5980.0,8462.5,78674.0,972840.0,1.0,1.0,3.0,1.0
mTLS,RSA2048,MLKEM768,20,1161.4652,1160.1955,4.8084,1157.331,1178.504,1167.928,1178.504,0.9,2500,2594,5094,4,14,,,,,,OK,9299.5,13177.0,78758.5,973039.0,1.0,1.0,3.0,1.0
mTLS,RSA2048,MLKEM1024,20,1177.2148,1176.7115,3.2013,1171.015,1185.525,1183.759,1185.525,0.8,2884,3074,5958,4,15,,,,,,OK,14350.0,19257.0,78723.5,972881.0,1.0,1.0,3.0,1.0
mTLS,RSA2048,X25519MLKEM768,20,1276.8729,1276.0045,2.1392,1274.29,1281.329,1280.997,1281.329,0.8,2532,2586,5118,4,14,,,,,,OK,66233.0,70029.0,78763.5,972990.5,2.0,2.0,3.0,1.0
mTLS,RSA2048,SecP256r1MLKEM768,20,1267.5948,1266.513,3.3742,1261.715,1274.891,1272.742,1274.891,0.8,2565,2659,5224,4,14,,,,,,OK,41056.0,82765.0,78682.5,972952.0,2.0,2.0,3.0,1.0
mTLS,RSA2048,SecP384r1MLKEM1024,20,1698.3999,1672.9545,101.5271,1668.426,2140.178,1689.989,2140.178,0.6,2981,3171,6152,4,15,,,,,,OK,170527.0,351899.5,78752.5,973060.5,2.0,2.0,3.0,1.0
mTLS,RSA2048,SecP256r1MLKEM512,0,,,,,,,,,,,,,,,,,,,tls handshake failed: received alert fatal error,,,,,,,,
mTLS,RSA2048,x25519_mlkem512,0,,,,,,,,,,,,,,,,,,,hung during TCP connect after 0 recorded connections (watchdog reset),,,,,,,,
mTLS,RSA2048,p384_mlkem768,20,1685.6623,1686.689,5.1233,1672.606,1697.527,1689.989,1697.527,0.6,2597,2691,5288,4,14,,,,,,OK,165301.5,345385.5,78744.5,972770.5,2.0,2.0,3.0,1.0
mTLS,RSA2048,p521_mlkem1024,20,1947.9448,1919.4055,114.0702,1884.226,2396.613,2106.071,2396.613,0.5,3017,3207,6224,4,14,,,,,,OK,247715.5,493209.5,78762.5,973099.5,2.0,2.0,3.0,1.0
mTLS,RSA2048,x448_mlkem768,20,1587.9558,1586.408,6.4627,1577.25,1598.052,1597.167,1598.052,0.6,2556,2650,5206,4,14,,,,,,OK,210625.0,214303.0,78777.5,972901.5,2.0,2.0,3.0,1.0
mTLS,RSA2048,X25519,20,1250.0838,1249.8805,5.6355,1240.882,1259.844,1258.315,1259.844,0.8,1348,1538,2886,4,14,,,,,,OK,57000.0,56869.5,78727.5,973134.0,1.0,1.0,3.0,1.0
mTLS,RSA2048,secp256r1,20,1234.8529,1233.178,4.9063,1228.767,1247.08,1243.367,1247.08,0.8,1381,1571,2952,4,14,,,,,,OK,31830.0,69663.5,78781.5,973003.0,1.0,1.0,3.0,1.0
TLS,RSA3072,MLKEM512,20,204.3748,201.724,4.6091,200.065,212.815,212.723,212.815,4.9,983,2488,3471,2,12,,,,,,OK,6064.0,8701.0,115294.5,0.0,1.0,1.0,2.0,0.0
TLS,RSA3072,MLKEM768,20,243.4901,244.66,4.3764,235.309,251.611,249.977,251.611,4.1,1367,2808,4175,2,12,,,,,,OK,9307.0,13323.5,115366.0,0.0,1.0,1.0,2.0,0.0
TLS,RSA3072,MLKEM1024,20,244.3843,240.621,13.8486,227.0,266.439,265.666,266.439,4.1,1751,3288,5039,2,12,,,,,,OK,14491.5,19455.0,115370.5,0.0,1.0,1.0,2.0,0.0
TLS,RSA3072,X25519MLKEM768,20,353.012,359.139,14.545,330.044,374.166,369.529,374.166,2.8,1399,2800,4199,2,12,,,,,,OK,66347.0,70310.5,115261.0,0.0,2.0,2.0,2.0,0.0
TLS,RSA3072,SecP256r1MLKEM768,20,337.8235,343.2695,13.2125,317.084,354.653,352.63,354.653,3.0,1432,2873,4305,2,12,,,,,,OK,40692.0,83060.5,115327.5,0.0,2.0,2.0,2.0,0.0
TLS,RSA3072,SecP384r1MLKEM1024,20,763.3895,750.3325,89.1449,716.061,1142.037,779.577,1142.037,1.3,1848,3385,5233,2,12,,,,,,OK,167447.5,352190.5,115275.5,0.0,2.0,2.0,2.0,0.0
TLS,RSA3072,SecP256r1MLKEM512,0,,,,,,,,,,,,,,,,,,,tls handshake failed: error state on socket,,,,,,,,
TLS,RSA3072,x25519_mlkem512,0,,,,,,,,,,,,,,,,,,,tls handshake failed: received alert fatal error,,,,,,,,
TLS,RSA3072,p384_mlkem768,0,,,,,,,,,,,,,,,,,,,hung during TCP connect after 0 recorded connections (watchdog reset),,,,,,,,
TLS,RSA3072,p521_mlkem1024,20,962.4756,956.241,18.9977,943.985,1007.988,1005.341,1007.988,1.0,1884,3421,5305,2,12,,,,,,OK,240322.0,493930.5,115291.5,0.0,2.0,2.0,2.0,0.0
TLS,RSA3072,x448_mlkem768,20,643.7176,634.02,20.7999,622.757,680.633,680.314,680.633,1.6,1423,2864,4287,2,12,,,,,,OK,210624.5,214270.0,115356.5,0.0,2.0,2.0,2.0,0.0
TLS,RSA3072,X25519,20,326.9459,326.413,9.794,300.827,340.48,339.404,340.48,3.1,215,1752,1967,2,12,,,,,,OK,57063.0,56935.0,115275.5,0.0,1.0,1.0,2.0,0.0
TLS,RSA3072,secp256r1,20,319.7313,318.3775,6.6364,310.794,343.592,324.09,343.592,3.1,248,1785,2033,2,12,,,,,,OK,31362.0,69770.0,115256.5,0.0,1.0,1.0,2.0,0.0
mTLS,RSA3072,MLKEM512,6,3505.4057,3503.987,4.046,3499.725,3510.981,3510.981,3510.981,0.3,2500,2658,5158,4,14,,,,,,PARTIAL: hung during TCP connect after 6 recorded connections (watchdog reset),6024.0,8670.5,173337.5,3197211.5,1.0,1.0,3.0,1.0
mTLS,RSA3072,MLKEM768,20,3508.5008,3511.3215,11.7567,3482.082,3523.976,3521.492,3523.976,0.3,2884,2978,5862,4,14,,,,,,OK,9452.0,13339.5,173367.0,3196819.0,1.0,1.0,3.0,1.0
mTLS,RSA3072,MLKEM1024,20,3539.727,3526.977,50.093,3519.615,3756.043,3542.698,3756.043,0.3,3268,3458,6726,4,14,,,,,,OK,14476.5,19453.5,173383.5,3197153.0,1.0,1.0,3.0,1.0
mTLS,RSA3072,X25519MLKEM768,20,3627.0743,3626.308,2.3161,3623.485,3632.024,3630.814,3632.024,0.3,2916,2970,5886,4,14,,,,,,OK,66348.0,70606.5,173372.5,3197435.0,2.0,2.0,3.0,1.0
mTLS,RSA3072,SecP256r1MLKEM768,20,3616.1095,3614.6455,12.5853,3587.597,3659.791,3626.892,3659.791,0.3,2949,3043,5992,4,14,,,,,,OK,40688.5,83142.5,173367.5,3197432.5,2.0,2.0,3.0,1.0
mTLS,RSA3072,SecP384r1MLKEM1024,20,4017.5458,4025.407,25.3044,3985.917,4085.879,4042.871,4085.879,0.2,3365,3555,6920,4,14,,,,,,OK,167466.5,352170.5,173272.0,3197201.0,2.0,2.0,3.0,1.0
mTLS,RSA3072,SecP256r1MLKEM512,0,,,,,,,,,,,,,,,,,,,tls handshake failed: received alert fatal error,,,,,,,,
mTLS,RSA3072,x25519_mlkem512,0,,,,,,,,,,,,,,,,,,,tls handshake failed: error state on socket,,,,,,,,
mTLS,RSA3072,p384_mlkem768,20,4010.9129,4017.923,22.0337,3980.199,4038.965,4038.354,4038.965,0.2,2981,3075,6056,4,14,,,,,,OK,162385.5,346005.0,173390.0,3197040.0,2.0,2.0,3.0,1.0
mTLS,RSA3072,p521_mlkem1024,20,4249.4304,4255.209,15.8959,4214.448,4268.875,4268.118,4268.875,0.2,3401,3591,6992,4,14,,,,,,OK,240229.5,494088.5,173364.0,3196719.5,2.0,2.0,3.0,1.0
mTLS,RSA3072,x448_mlkem768,20,3927.9641,3934.9785,19.0994,3892.349,3952.131,3948.103,3952.131,0.3,2940,3034,5974,4,14,,,,,,OK,210562.5,214829.5,173321.0,3197344.0,2.0,2.0,3.0,1.0
mTLS,RSA3072,X25519,20,3610.3053,3604.6915,31.9806,3592.895,3747.932,3610.339,3747.932,0.3,1732,1922,3654,4,14,,,,,,OK,57055.0,56946.0,173315.5,3197230.0,1.0,1.0,3.0,1.0
mTLS,RSA3072,secp256r1,20,3585.7263,3585.3555,10.4529,3553.672,3608.743,3602.932,3608.743,0.3,1765,1955,3720,4,14,,,,,,OK,31330.5,69791.5,173309.5,3196995.5,1.0,1.0,3.0,1.0
TLS,ECDSAP256,MLKEM512,20,264.264,264.114,0.6289,263.531,266.128,265.591,266.128,3.8,971,1526,2497,2,12,,,,,,OK,6046.5,8705.5,195343.5,0.0,1.0,1.0,2.0,0.0
TLS,ECDSAP256,MLKEM768,20,280.398,278.5,3.5281,276.87,288.116,285.295,288.116,3.6,1355,1846,3201,2,12,,,,,,OK,9395.5,13329.0,195316.0,0.0,1.0,1.0,2.0,0.0
TLS,ECDSAP256,MLKEM1024,20,296.2233,293.5815,5.8276,290.126,307.069,304.901,307.069,3.4,1739,2326,4065,2,12,,,,,,OK,14421.5,19434.5,195283.5,0.0,1.0,1.0,2.0,0.0
TLS,ECDSAP256,X25519MLKEM768,20,399.6512,397.4985,5.1627,393.961,411.125,407.363,411.125,2.5,1387,1838,3225,2,12,,,,,,OK,66244.0,70257.5,195244.5,0.0,2.0,2.0,2.0,0.0
TLS,ECDSAP256,SecP256r1MLKEM768,20,387.8856,387.109,3.6853,383.797,397.395,394.711,397.395,2.6,1420,1911,3331,2,12,,,,,,OK,40531.5,83489.5,195393.5,0.0,2.0,2.0,2.0,0.0
TLS,ECDSAP256,SecP384r1MLKEM1024,20,795.6852,793.186,7.5433,790.738,826.679,799.094,826.679,1.3,1836,2423,4259,2,12,,,,,,OK,171028.5,351989.5,195326.5,0.0,2.0,2.0,2.0,0.0
TLS,ECDSAP256,SecP256r1MLKEM512,0,,,,,,,,,,,,,,,,,,,tls handshake failed: received alert fatal error,,,,,,,,
TLS,ECDSAP256,x25519_mlkem512,0,,,,,,,,,,,,,,,,,,,tls handshake failed: received alert fatal error,,,,,,,,
TLS,ECDSAP256,p384_mlkem768,20,802.4457,799.8425,6.4946,791.717,814.72,812.807,814.72,1.2,1452,1943,3395,2,12,,,,,,OK,165676.0,345640.0,195438.0,0.0,2.0,2.0,2.0,0.0
TLS,ECDSAP256,p521_mlkem1024,20,1041.0165,1040.845,4.7864,1033.242,1056.124,1045.162,1056.124,1.0,1872,2459,4331,2,12,,,,,,OK,250312.5,492594.0,195476.0,0.0,2.0,2.0,2.0,0.0
TLS,ECDSAP256,x448_mlkem768,20,704.9836,698.0295,16.8085,691.933,767.392,719.315,767.392,1.4,1411,1902,3313,2,12,,,,,,OK,210058.0,213738.0,195334.5,0.0,2.0,2.0,2.0,0.0
TLS,ECDSAP256,X25519,20,385.3668,369.5775,33.9722,360.528,462.941,456.893,462.941,2.6,203,790,993,2,12,,,,,,OK,56970.0,56760.5,195650.5,0.0,1.0,1.0,2.0,0.0
TLS,ECDSAP256,secp256r1,20,353.5573,351.4675,5.3757,346.842,364.65,364.46,364.65,2.8,236,823,1059,2,12,,,,,,OK,31160.5,70236.5,195950.0,0.0,1.0,1.0,2.0,0.0
mTLS,ECDSAP256,MLKEM512,20,326.4072,322.8355,11.7088,316.879,365.407,349.502,365.407,3.1,1526,1696,3222,4,14,,,,,,OK,6094.0,8651.0,195379.0,43022.0,1.0,1.0,2.0,1.0
mTLS,ECDSAP256,MLKEM768,20,335.7399,331.109,9.6895,329.024,371.553,344.803,371.553,3.0,1910,2016,3926,4,14,,,,,,OK,9280.5,13288.5,195314.5,42941.0,1.0,1.0,2.0,1.0
mTLS,ECDSAP256,MLKEM1024,20,348.9996,347.5985,5.4083,343.561,365.609,360.869,365.609,2.9,2294,2496,4790,4,14,,,,,,OK,14460.5,19427.5,195291.0,42982.5,1.0,1.0,2.0,1.0
mTLS,ECDSAP256,X25519MLKEM768,20,453.3467,453.4945,5.4075,445.311,462.581,460.1,462.581,2.2,1942,2008,3950,4,14,,,,,,OK,66216.0,70309.5,195274.0,43018.0,2.0,2.0,2.0,1.0
mTLS,ECDSAP256,SecP256r1MLKEM768,20,440.7492,440.3235,4.4772,433.33,453.366,446.24,453.366,2.3,1975,2081,4056,4,14,,,,,,OK,40532.0,83576.5,195336.0,42939.0,2.0,2.0,2.0,1.0
mTLS,ECDSAP256,SecP384r1MLKEM1024,20,847.5937,847.1245,5.3882,840.992,865.668,853.461,865.668,1.2,2391,2593,4984,4,14,,,,,,OK,170920.0,351911.5,195338.5,42972.0,2.0,2.0,2.0,1.0
mTLS,ECDSAP256,SecP256r1MLKEM512,0,,,,,,,,,,,,,,,,,,,tls handshake failed: received alert fatal error,,,,,,,,
mTLS,ECDSAP256,x25519_mlkem512,0,,,,,,,,,,,,,,,,,,,tls handshake failed: error state on socket,,,,,,,,
mTLS,ECDSAP256,p384_mlkem768,20,859.8849,854.5135,23.546,845.336,959.321,868.887,959.321,1.2,2007,2113,4120,4,14,,,,,,OK,165766.5,345631.5,195466.5,42958.5,2.0,2.0,2.0,1.0
mTLS,ECDSAP256,p521_mlkem1024,20,1098.1755,1097.607,4.9751,1091.242,1109.715,1105.618,1109.715,0.9,2427,2629,5056,4,14,,,,,,OK,250373.5,492615.0,195455.5,42980.5,2.0,2.0,2.0,1.0
mTLS,ECDSAP256,x448_mlkem768,20,750.7607,749.2775,5.2896,745.401,768.665,759.97,768.665,1.3,1966,2072,4038,4,14,,,,,,OK,209924.5,213698.5,195262.5,42929.5,2.0,2.0,2.0,1.0
mTLS,ECDSAP256,X25519,20,422.0882,422.1485,7.3234,413.881,436.048,433.571,436.048,2.4,758,960,1718,4,14,,,,,,OK,56988.5,56774.0,195813.0,42975.5,1.0,1.0,2.0,1.0
mTLS,ECDSAP256,secp256r1,20,407.714,407.8505,5.7442,399.53,419.512,417.486,419.512,2.5,791,993,1784,4,14,,,,,,OK,31183.5,70236.5,195657.5,42934.0,1.0,1.0,2.0,1.0
TLS,ED25519,MLKEM512,20,219.9163,218.3815,5.3664,213.183,228.812,227.591,228.812,4.5,973,1452,2425,2,12,,,,,,OK,6026.0,8634.0,140834.0,0.0,1.0,1.0,2.0,0.0
TLS,ED25519,MLKEM768,20,229.7099,227.7455,5.1463,224.993,240.826,239.963,240.826,4.4,1357,1772,3129,2,12,,,,,,OK,9291.0,13280.0,140736.0,0.0,1.0,1.0,2.0,0.0
TLS,ED25519,MLKEM1024,20,243.3761,242.3245,3.4541,238.894,250.947,250.306,250.947,4.1,1741,2252,3993,2,12,,,,,,OK,14426.0,19371.5,140315.5,0.0,1.0,1.0,2.0,0.0
TLS,ED25519,X25519MLKEM768,20,352.1658,353.316,10.2907,342.85,389.793,358.929,389.793,2.8,1389,1764,3153,2,12,,,,,,OK,66268.0,70175.0,140502.5,0.0,2.0,2.0,2.0,0.0
TLS,ED25519,SecP256r1MLKEM768,20,339.1884,334.199,13.46,332.348,394.224,351.908,394.224,2.9,1422,1837,3259,2,12,,,,,,OK,40373.0,83544.0,140501.0,0.0,2.0,2.0,2.0,0.0
TLS,ED25519,SecP384r1MLKEM1024,20,743.3646,744.511,4.1772,737.147,749.025,747.875,749.025,1.3,1838,2349,4187,2,12,,,,,,OK,168391.0,351595.5,140452.5,0.0,2.0,2.0,2.0,0.0
TLS,ED25519,SecP256r1MLKEM512,0,,,,,,,,,,,,,,,,,,,tls handshake failed: received alert fatal error,,,,,,,,
TLS,ED25519,x25519_mlkem512,0,,,,,,,,,,,,,,,,,,,hung during TCP connect after 0 recorded connections (watchdog reset),,,,,,,,
TLS,ED25519,p384_mlkem768,20,751.8604,750.166,14.0865,736.628,805.448,762.857,805.448,1.3,1454,1869,3323,2,12,,,,,,OK,163368.0,345405.5,140190.0,0.0,2.0,2.0,2.0,0.0
TLS,ED25519,p521_mlkem1024,20,994.8588,988.035,22.0267,977.593,1061.609,1053.771,1061.609,1.0,1874,2385,4259,2,12,,,,,,OK,242414.5,492344.0,140414.5,0.0,2.0,2.0,2.0,0.0
TLS,ED25519,x448_mlkem768,20,650.984,650.5885,5.4205,643.044,662.148,657.993,662.148,1.5,1413,1828,3241,2,12,,,,,,OK,210186.5,213971.5,140548.0,0.0,2.0,2.0,2.0,0.0
TLS,ED25519,X25519,20,316.1205,314.183,5.4458,310.092,328.373,323.395,328.373,3.2,205,716,921,2,12,,,,,,OK,56959.0,56768.5,140525.5,0.0,1.0,1.0,2.0,0.0
TLS,ED25519,secp256r1,20,328.9813,302.8185,109.6393,296.518,806.358,314.444,806.358,3.0,238,749,987,2,12,,,,,,OK,31005.0,70262.5,141050.5,0.0,1.0,1.0,2.0,0.0
mTLS,ED25519,MLKEM512,20,280.1137,277.66,4.7273,274.546,290.153,288.324,290.153,3.6,1454,1622,3076,4,14,,,,,,OK,6022.5,8566.5,140365.5,27732.5,1.0,1.0,2.0,1.0
mTLS,ED25519,MLKEM768,20,292.2792,288.905,6.3926,285.147,310.984,300.969,310.984,3.4,1838,1942,3780,4,14,,,,,,OK,9369.0,13268.0,140584.5,27653.0,1.0,1.0,2.0,1.0
mTLS,ED25519,MLKEM1024,20,311.2831,309.339,9.4202,302.77,345.558,320.052,345.558,3.2,2222,2422,4644,4,14,,,,,,OK,14367.0,19346.0,140654.5,27794.0,1.0,1.0,2.0,1.0
mTLS,ED25519,X25519MLKEM768,20,410.0834,408.117,5.3852,402.963,419.576,417.332,419.576,2.4,1870,1934,3804,4,14,,,,,,OK,66229.0,70191.5,140258.5,27722.0,2.0,2.0,2.0,1.0
mTLS,ED25519,SecP256r1MLKEM768,20,404.6836,399.907,13.6017,393.839,455.112,417.399,455.112,2.5,1903,2007,3910,4,14,,,,,,OK,40405.5,83430.5,140790.5,27747.5,2.0,2.0,2.0,1.0
mTLS,ED25519,SecP384r1MLKEM1024,20,801.6126,800.4695,4.7186,795.462,809.916,809.663,809.916,1.2,2319,2519,4838,4,14,,,,,,OK,168447.0,351705.5,140446.5,27689.0,2.0,2.0,2.0,1.0
mTLS,ED25519,SecP256r1MLKEM512,0,,,,,,,,,,,,,,,,,,,tls handshake failed: received alert fatal error,,,,,,,,
mTLS,ED25519,x25519_mlkem512,0,,,,,,,,,,,,,,,,,,,hung during TCP connect after 0 recorded connections (watchdog reset),,,,,,,,
mTLS,ED25519,p384_mlkem768,20,812.008,810.6795,6.7687,800.977,824.651,823.035,824.651,1.2,1935,2039,3974,4,14,,,,,,OK,163324.5,345369.5,140391.5,27769.0,2.0,2.0,2.0,1.0
mTLS,ED25519,p521_mlkem1024,20,1048.2317,1046.147,9.3477,1036.04,1071.392,1068.942,1071.392,1.0,2355,2555,4910,4,14,,,,,,OK,242448.5,492332.0,140287.5,27755.5,2.0,2.0,2.0,1.0
mTLS,ED25519,x448_mlkem768,20,719.1486,717.902,10.1192,704.115,740.869,734.21,740.869,1.4,1894,1998,3892,4,14,,,,,,OK,210371.5,214418.0,140471.5,27796.5,2.0,2.0,2.0,1.0
mTLS,ED25519,X25519,20,386.0345,383.056,17.1809,370.823,453.979,399.378,453.979,2.6,686,886,1572,4,14,,,,,,OK,56955.5,56790.0,140837.5,27860.0,1.0,1.0,2.0,1.0
mTLS,ED25519,secp256r1,20,371.1612,371.1745,7.6732,359.662,396.631,377.401,396.631,2.7,719,919,1638,4,14,,,,,,OK,31098.5,70252.5,140923.0,28182.0,1.0,1.0,2.0,1.0
TLS,MLDSA44,MLKEM512,20,160.6866,159.757,6.347,153.417,176.219,167.55,176.219,6.2,977,7468,8445,2,12,,,,,,OK,6142.5,10386.5,58342.5,0.0,1.0,1.0,2.0,0.0
TLS,MLDSA44,MLKEM768,20,169.2765,168.9765,3.5653,165.658,181.968,173.185,181.968,5.9,1361,7788,9149,2,12,,,,,,OK,9572.5,13660.0,58402.0,0.0,1.0,1.0,2.0,0.0
TLS,MLDSA44,MLKEM1024,20,184.8326,183.392,5.0648,179.192,195.711,192.958,195.711,5.4,1745,8268,10013,2,13,,,,,,OK,14753.5,21717.0,58501.0,0.0,1.0,1.0,2.0,0.0
TLS,MLDSA44,X25519MLKEM768,20,287.4712,284.372,5.3565,283.599,301.829,297.838,301.829,3.5,1393,7780,9173,2,12,,,,,,OK,66633.5,72453.0,58437.5,0.0,2.0,2.0,2.0,0.0
TLS,MLDSA44,SecP256r1MLKEM768,20,281.6524,281.5725,2.5854,277.428,287.095,286.717,287.095,3.6,1426,7853,9279,2,12,,,,,,OK,41152.0,84965.5,58477.5,0.0,2.0,2.0,2.0,0.0
TLS,MLDSA44,SecP384r1MLKEM1024,20,690.7723,679.9835,38.8145,676.903,858.908,692.152,858.908,1.4,1842,8365,10207,2,13,,,,,,OK,170842.0,355403.5,58493.0,0.0,2.0,2.0,2.0,0.0
TLS,MLDSA44,SecP256r1MLKEM512,0,,,,,,,,,,,,,,,,,,,tls handshake failed: received alert fatal error,,,,,,,,
TLS,MLDSA44,x25519_mlkem512,0,,,,,,,,,,,,,,,,,,,tls handshake failed: received alert fatal error,,,,,,,,
TLS,MLDSA44,p384_mlkem768,0,,,,,,,,,,,,,,,,,,,hung during TCP connect after 0 recorded connections (watchdog reset),,,,,,,,
TLS,MLDSA44,p521_mlkem1024,20,931.1689,931.192,3.4691,924.552,936.295,936.203,936.295,1.1,1878,8401,10279,2,12,,,,,,OK,248697.5,496951.0,58453.0,0.0,2.0,2.0,2.0,0.0
TLS,MLDSA44,x448_mlkem768,20,587.4852,586.716,2.7709,583.909,595.804,591.116,595.804,1.7,1417,7844,9261,2,12,,,,,,OK,210520.5,216101.0,58448.0,0.0,2.0,2.0,2.0,0.0
TLS,MLDSA44,X25519,20,255.9118,255.8,3.6836,251.556,262.421,262.033,262.421,3.9,209,6732,6941,2,12,,,,,,OK,57134.0,58582.0,58484.0,0.0,1.0,1.0,2.0,0.0
TLS,MLDSA44,secp256r1,20,241.1278,239.852,5.356,234.792,252.678,251.518,252.678,4.1,242,6765,7007,2,12,,,,,,OK,31617.5,70940.0,58450.0,0.0,1.0,1.0,2.0,0.0
mTLS,MLDSA44,MLKEM512,20,351.0124,347.0665,90.9549,263.228,680.874,431.941,680.874,2.8,7474,7638,15112,4,14,,,,,,OK,6137.0,8802.5,58394.5,124624.0,1.0,1.0,2.0,1.0
mTLS,MLDSA44,MLKEM768,20,370.1526,321.687,99.5573,277.882,611.119,595.219,611.119,2.7,7858,7958,15816,4,14,,,,,,OK,9509.5,14472.5,58450.0,95521.0,1.0,1.0,2.0,1.0
mTLS,MLDSA44,MLKEM1024,20,432.8678,356.315,170.9624,291.715,1027.432,688.744,1027.432,2.3,8242,8438,16680,4,14,,,,,,OK,14746.5,19713.5,58462.5,116175.0,1.0,1.0,2.0,1.0
mTLS,MLDSA44,X25519MLKEM768,20,557.0991,535.6985,126.9381,403.601,855.039,774.169,855.039,1.8,7890,7950,15840,4,14,,,,,,OK,66560.5,72442.5,58496.5,186507.0,2.0,2.0,2.0,1.0
mTLS,MLDSA44,SecP256r1MLKEM768,20,544.1699,509.44,135.6678,390.392,823.468,783.704,823.468,1.8,7923,8023,15946,4,14,,,,,,OK,41159.0,84944.0,58499.0,174208.0,2.0,2.0,2.0,1.0
mTLS,MLDSA44,SecP384r1MLKEM1024,20,1115.9543,879.0565,629.6431,798.335,3679.93,1609.844,3679.93,0.9,8339,8535,16874,4,15,,,,,,OK,170893.5,355733.0,58441.5,99755.0,2.0,2.0,2.0,1.0
mTLS,MLDSA44,SecP256r1MLKEM512,0,,,,,,,,,,,,,,,,,,,tls handshake failed: error state on socket,,,,,,,,
mTLS,MLDSA44,x25519_mlkem512,0,,,,,,,,,,,,,,,,,,,tls handshake failed: error state on socket,,,,,,,,
mTLS,MLDSA44,p384_mlkem768,20,889.8309,851.9935,94.9383,795.425,1133.596,1070.736,1133.596,1.1,7955,8055,16010,4,14,,,,,,OK,165478.5,348611.0,58493.5,123385.0,2.0,2.0,2.0,1.0
mTLS,MLDSA44,p521_mlkem1024,20,1133.5399,1127.0925,74.8036,1017.522,1318.681,1278.871,1318.681,0.9,8375,8571,16946,4,14,,,,,,OK,248488.5,495777.5,58604.5,133157.5,2.0,2.0,2.0,1.0
mTLS,MLDSA44,x448_mlkem768,20,786.609,756.6395,106.3653,694.144,1164.916,937.326,1164.916,1.3,7914,8014,15928,4,14,,,,,,OK,210518.0,216373.5,58477.5,109911.5,2.0,2.0,2.0,1.0
mTLS,MLDSA44,X25519,20,517.681,461.9575,135.8212,361.859,795.199,774.741,795.199,1.9,6706,6902,13608,4,14,,,,,,OK,57136.0,58481.0,58574.0,150027.0,1.0,1.0,2.0,1.0
mTLS,MLDSA44,secp256r1,20,483.1265,432.83,115.8223,349.635,728.388,668.72,728.388,2.1,6739,6935,13674,4,14,,,,,,OK,31605.0,70829.0,58498.0,126609.5,1.0,1.0,2.0,1.0
TLS,MLDSA65,MLKEM512,20,205.5302,204.981,5.563,199.333,217.845,216.594,217.845,4.9,977,9886,10863,2,12,,,,,,OK,6199.0,8921.5,94649.0,0.0,1.0,1.0,2.0,0.0
TLS,MLDSA65,MLKEM768,20,262.9728,235.052,54.2908,212.119,350.74,347.601,350.74,3.8,1361,10206,11567,2,12,,,,,,OK,9524.5,15637.5,94544.0,0.0,1.0,1.0,2.0,0.0
TLS,MLDSA65,MLKEM1024,20,234.3791,234.093,5.8407,225.257,245.041,242.416,245.041,4.3,1745,10686,12431,2,13,,,,,,OK,14826.5,21680.0,94559.5,0.0,1.0,1.0,2.0,0.0
TLS,MLDSA65,X25519MLKEM768,20,334.4755,330.869,7.8463,326.84,355.128,353.671,355.128,3.0,1393,10198,11591,2,12,,,,,,OK,66692.5,73663.0,94647.5,0.0,2.0,2.0,2.0,0.0
TLS,MLDSA65,SecP256r1MLKEM768,20,320.5419,319.5,3.6712,315.657,333.091,326.364,333.091,3.1,1426,10271,11697,2,12,,,,,,OK,40647.0,86144.0,94727.5,0.0,2.0,2.0,2.0,0.0
TLS,MLDSA65,SecP384r1MLKEM1024,20,730.9461,729.7925,6.2974,717.974,740.824,738.938,740.824,1.4,1842,10783,12625,2,12,,,,,,OK,168244.0,355062.0,94716.0,0.0,2.0,2.0,2.0,0.0
TLS,MLDSA65,SecP256r1MLKEM512,0,,,,,,,,,,,,,,,,,,,tls handshake failed: received alert fatal error,,,,,,,,
TLS,MLDSA65,x25519_mlkem512,0,,,,,,,,,,,,,,,,,,,tls handshake failed: error state on socket,,,,,,,,
TLS,MLDSA65,p384_mlkem768,20,735.3629,733.804,7.0287,726.018,749.663,748.473,749.663,1.4,1458,10303,11761,2,12,,,,,,OK,163070.0,348670.5,94695.0,0.0,2.0,2.0,2.0,0.0
TLS,MLDSA65,p521_mlkem1024,20,969.3393,968.7855,6.1213,960.066,978.734,978.41,978.734,1.0,1878,10819,12697,2,12,,,,,,OK,240348.5,495472.5,94540.5,0.0,2.0,2.0,2.0,0.0
TLS,MLDSA65,x448_mlkem768,20,632.3836,632.4445,4.7177,621.311,640.819,640.361,640.819,1.6,1417,10262,11679,2,12,,,,,,OK,210537.0,217212.0,94668.0,0.0,2.0,2.0,2.0,0.0
TLS,MLDSA65,X25519,20,300.8947,299.473,4.2052,296.163,309.499,307.449,309.499,3.3,209,9150,9359,2,12,,,,,,OK,57145.5,59354.5,94680.0,0.0,1.0,1.0,2.0,0.0
TLS,MLDSA65,secp256r1,20,292.2807,284.6265,18.6728,279.988,361.391,324.814,361.391,3.4,242,9183,9425,2,12,,,,,,OK,31127.0,71807.5,94677.5,0.0,1.0,1.0,2.0,0.0
mTLS,MLDSA65,MLKEM512,20,638.5013,599.5245,272.6077,369.518,1380.109,1055.322,1380.109,1.6,9892,10056,19948,4,14,,,,,,OK,6182.5,10040.0,94676.0,303779.0,1.0,1.0,2.0,1.0
mTLS,MLDSA65,MLKEM768,20,644.7462,550.478,272.3407,384.395,1425.743,1051.465,1425.743,1.6,10276,10376,20652,4,14,,,,,,OK,9669.5,16386.0,94641.0,247838.5,1.0,1.0,2.0,1.0
mTLS,MLDSA65,MLKEM1024,20,606.2423,574.1345,188.5069,394.465,1053.917,999.574,1053.917,1.6,10660,10856,21516,4,14,,,,,,OK,14807.5,22761.0,94518.0,255350.0,1.0,1.0,2.0,1.0
mTLS,MLDSA65,X25519MLKEM768,20,911.2921,786.079,305.2734,505.212,1456.584,1342.399,1456.584,1.1,10308,10368,20676,4,14,,,,,,OK,66630.0,73476.0,94513.0,360270.5,2.0,2.0,2.0,1.0
mTLS,MLDSA65,SecP256r1MLKEM768,20,802.4546,657.135,368.5155,488.964,1714.797,1691.053,1714.797,1.2,10341,10441,20782,4,14,,,,,,OK,40712.5,86128.0,94564.5,247085.5,2.0,2.0,2.0,1.0
mTLS,MLDSA65,SecP384r1MLKEM1024,20,1376.7995,1163.509,487.4783,897.561,2516.193,2387.016,2516.193,0.7,10757,10953,21710,4,14,,,,,,OK,168227.5,355255.0,94547.5,344050.0,2.0,2.0,2.0,1.0
mTLS,MLDSA65,SecP256r1MLKEM512,0,,,,,,,,,,,,,,,,,,,tls handshake failed: received alert fatal error,,,,,,,,
mTLS,MLDSA65,x25519_mlkem512,0,,,,,,,,,,,,,,,,,,,tls handshake failed: received alert fatal error,,,,,,,,
mTLS,MLDSA65,p384_mlkem768,20,1217.9796,1206.4565,325.3743,884.894,2294.631,1576.369,2294.631,0.8,10373,10473,20846,4,14,,,,,,OK,163089.5,348887.0,94726.5,391169.5,2.0,2.0,2.0,1.0
mTLS,MLDSA65,p521_mlkem1024,20,1443.2173,1396.22,308.3058,1132.652,2416.488,1807.706,2416.488,0.7,10793,10989,21782,4,14,,,,,,OK,240277.5,495385.0,94565.5,344606.5,2.0,2.0,2.0,1.0
mTLS,MLDSA65,x448_mlkem768,20,1214.3378,1189.044,331.9605,823.612,2137.863,1971.284,2137.863,0.8,10332,10432,20764,4,14,,,,,,OK,210633.5,217423.5,94658.5,467285.0,2.0,2.0,2.0,1.0
mTLS,MLDSA65,X25519,20,757.2962,709.7835,243.8938,467.235,1297.301,1132.085,1297.301,1.3,9124,9320,18444,4,14,,,,,,OK,57171.5,59308.5,94661.0,323938.5,1.0,1.0,2.0,1.0
mTLS,MLDSA65,secp256r1,20,744.5805,618.4165,315.4291,456.368,1571.146,1377.635,1571.146,1.3,9157,9353,18510,4,14,,,,,,OK,31129.5,71869.5,94680.5,242884.5,1.0,1.0,2.0,1.0
TLS,MLDSA87,MLKEM512,20,278.1262,277.922,3.8549,273.44,288.244,284.666,288.244,3.6,977,13162,14139,2,12,,,,,,OK,6148.0,10409.0,154541.0,0.0,1.0,1.0,2.0,0.0
TLS,MLDSA87,MLKEM768,20,291.2824,286.988,7.3603,285.194,312.836,302.617,312.836,3.4,1361,13482,14843,2,12,,,,,,OK,9504.0,15144.0,154524.5,0.0,1.0,1.0,2.0,0.0
TLS,MLDSA87,MLKEM1024,20,308.369,306.7075,5.8534,301.045,318.871,316.282,318.871,3.2,1745,13962,15707,2,12,,,,,,OK,14761.0,22184.0,154758.0,0.0,1.0,1.0,2.0,0.0
TLS,MLDSA87,X25519MLKEM768,20,408.8428,409.488,5.5845,400.779,422.292,417.376,422.292,2.4,1393,13474,14867,2,12,,,,,,OK,66570.5,72245.5,154678.5,0.0,2.0,2.0,2.0,0.0
TLS,MLDSA87,SecP256r1MLKEM768,20,398.5782,397.0345,4.1528,392.708,407.063,406.382,407.063,2.5,1426,13547,14973,2,12,,,,,,OK,44162.5,84781.5,154627.0,0.0,2.0,2.0,2.0,0.0
TLS,MLDSA87,SecP384r1MLKEM1024,20,809.7929,805.129,17.8055,801.823,885.653,818.165,885.653,1.2,1842,14059,15901,2,12,,,,,,OK,170965.0,356154.5,154870.5,0.0,2.0,2.0,2.0,0.0
TLS,MLDSA87,SecP256r1MLKEM512,0,,,,,,,,,,,,,,,,,,,tls handshake failed: received alert fatal error,,,,,,,,
TLS,MLDSA87,x25519_mlkem512,0,,,,,,,,,,,,,,,,,,,tls handshake failed: received alert fatal error,,,,,,,,
TLS,MLDSA87,p384_mlkem768,20,806.4687,809.954,11.3058,787.713,822.394,820.16,822.394,1.2,1458,13579,15037,2,12,,,,,,OK,165583.0,348751.0,154493.0,0.0,2.0,2.0,2.0,0.0
TLS,MLDSA87,p521_mlkem1024,20,1046.5219,1050.1275,12.6882,1026.449,1076.232,1061.484,1076.232,1.0,1878,14095,15973,2,12,,,,,,OK,249691.0,495756.0,154567.5,0.0,2.0,2.0,2.0,0.0
TLS,MLDSA87,x448_mlkem768,20,707.8433,706.5735,4.7851,701.57,719.915,715.865,719.915,1.4,1417,13538,14955,2,12,,,,,,OK,210298.5,215890.5,154457.0,0.0,2.0,2.0,2.0,0.0
TLS,MLDSA87,X25519,20,377.0805,378.1495,6.5932,368.756,397.419,383.994,397.419,2.7,209,12426,12635,2,12,,,,,,OK,57096.5,60071.5,154500.0,0.0,1.0,1.0,2.0,0.0
TLS,MLDSA87,secp256r1,20,369.2564,369.1325,4.2064,360.883,376.881,375.145,376.881,2.7,242,12459,12701,2,12,,,,,,OK,34668.0,72827.0,154647.0,0.0,1.0,1.0,2.0,0.0
mTLS,MLDSA87,MLKEM512,20,1041.3446,976.859,402.1357,533.192,2223.298,1556.452,2223.298,1.0,13168,13332,26500,4,14,,,,,,OK,6132.0,8865.5,154402.0,563826.5,1.0,1.0,2.0,1.0
mTLS,MLDSA87,MLKEM768,20,740.9888,713.6695,170.9103,545.308,1118.83,1012.186,1118.83,1.3,13552,13652,27204,4,14,,,,,,OK,9495.0,14983.0,154528.0,294054.5,1.0,1.0,2.0,1.0
mTLS,MLDSA87,MLKEM1024,20,842.29,678.0655,350.6766,561.608,1666.698,1616.59,1666.698,1.2,13936,14132,28068,4,14,,,,,,OK,14714.5,21905.5,154408.5,238564.0,1.0,1.0,2.0,1.0
mTLS,MLDSA87,X25519MLKEM768,20,1084.261,960.725,399.6118,664.899,1824.841,1795.585,1824.841,0.9,13584,13644,27228,4,14,,,,,,OK,66524.5,72228.5,154483.5,423065.0,2.0,2.0,2.0,1.0
mTLS,MLDSA87,SecP256r1MLKEM768,20,1051.9335,768.558,554.2686,659.081,2572.483,2345.762,2572.483,1.0,13617,13717,27334,4,14,,,,,,OK,44188.5,84643.0,154496.5,242044.5,2.0,2.0,2.0,1.0
mTLS,MLDSA87,SecP384r1MLKEM1024,20,1577.4314,1435.9215,503.8689,1063.491,2986.909,2438.821,2986.909,0.6,14033,14229,28262,4,14,,,,,,OK,170898.0,356175.5,154719.0,506191.5,2.0,2.0,2.0,1.0
mTLS,MLDSA87,SecP256r1MLKEM512,0,,,,,,,,,,,,,,,,,,,tls handshake failed: received alert fatal error,,,,,,,,
mTLS,MLDSA87,x25519_mlkem512,0,,,,,,,,,,,,,,,,,,,tls handshake failed: received alert fatal error,,,,,,,,
mTLS,MLDSA87,p384_mlkem768,20,1415.4824,1181.676,396.3532,1047.054,2175.775,2147.422,2175.775,0.7,13649,13749,27398,4,14,,,,,,OK,165605.0,348643.0,154419.0,252510.0,2.0,2.0,2.0,1.0
mTLS,MLDSA87,p521_mlkem1024,20,1561.7227,1424.787,333.7744,1295.181,2452.561,2429.82,2452.561,0.6,14069,14265,28334,4,14,,,,,,OK,249629.5,495890.0,154886.5,249863.0,2.0,2.0,2.0,1.0
mTLS,MLDSA87,x448_mlkem768,20,1283.9742,1196.0465,320.1599,963.244,2099.184,1838.822,2099.184,0.8,13608,13708,27316,4,14,,,,,,OK,210282.0,215877.0,154435.5,350784.5,2.0,2.0,2.0,1.0
mTLS,MLDSA87,X25519,20,845.6297,735.484,285.3553,630.379,1626.531,1421.549,1626.531,1.2,12400,12596,24996,4,14,,,,,,OK,57099.5,60088.0,154746.0,183685.0,1.0,1.0,2.0,1.0
mTLS,MLDSA87,secp256r1,20,804.0065,793.849,179.3483,617.382,1434.192,958.596,1434.192,1.2,12433,12629,25062,4,14,,,,,,OK,34614.5,72583.5,154801.5,304382.5,1.0,1.0,2.0,1.0
TLS,FALCON512,MLKEM512,20,102.0635,102.9015,5.5122,93.944,110.08,109.621,110.08,9.8,975,3511,4486,2,12,,,,,,OK,5996.5,8564.0,15576.0,0.0,1.0,1.0,2.0,0.0
TLS,FALCON512,MLKEM768,20,112.8848,112.437,4.6645,106.303,122.478,121.825,122.478,8.9,1359,3831,5190,2,12,,,,,,OK,9283.0,13170.0,15464.5,0.0,1.0,1.0,2.0,0.0
TLS,FALCON512,MLKEM1024,20,129.2178,125.2235,9.7258,120.618,162.364,136.981,162.364,7.7,1743,4311,6054,2,12,,,,,,OK,14368.5,19284.5,15578.0,0.0,1.0,1.0,2.0,0.0
TLS,FALCON512,X25519MLKEM768,20,230.0944,229.486,3.7762,223.949,237.213,235.162,237.213,4.3,1391,3823,5214,2,12,,,,,,OK,66263.5,70110.0,15591.5,0.0,2.0,2.0,2.0,0.0
TLS,FALCON512,SecP256r1MLKEM768,20,220.8256,218.8935,5.0672,214.297,230.145,229.613,230.145,4.5,1424,3895,5319,2,12,,,,,,OK,40534.0,83490.0,15535.0,0.0,2.0,2.0,2.0,0.0
TLS,FALCON512,SecP384r1MLKEM1024,20,624.0326,621.993,6.0156,617.671,644.611,633.933,644.611,1.6,1840,4409,6249,2,12,,,,,,OK,168320.5,351605.0,15488.5,0.0,2.0,2.0,2.0,0.0
TLS,FALCON512,SecP256r1MLKEM512,0,,,,,,,,,,,,,,,,,,,tls handshake failed: received alert fatal error,,,,,,,,
TLS,FALCON512,x25519_mlkem512,0,,,,,,,,,,,,,,,,,,,tls handshake failed: received alert fatal error,,,,,,,,
TLS,FALCON512,p384_mlkem768,0,,,,,,,,,,,,,,,,,,,hung during TCP connect after 0 recorded connections (watchdog reset),,,,,,,,
TLS,FALCON512,p521_mlkem1024,20,860.0418,865.879,12.5427,830.013,877.706,873.975,877.706,1.2,1876,4445,6321,2,12,,,,,,OK,242334.0,492200.5,15617.5,0.0,2.0,2.0,2.0,0.0
TLS,FALCON512,x448_mlkem768,20,536.1115,532.3025,13.7004,524.368,590.147,555.064,590.147,1.9,1415,3887,5302,2,12,,,,,,OK,211654.0,215724.0,15521.5,0.0,2.0,2.0,2.0,0.0
TLS,FALCON512,X25519,20,196.5036,194.9165,5.145,191.897,212.927,208.752,212.927,5.1,207,2776,2983,2,12,,,,,,OK,57000.5,56875.5,15470.5,0.0,1.0,1.0,2.0,0.0
TLS,FALCON512,secp256r1,20,185.4785,183.846,5.6919,178.605,198.804,197.983,198.804,5.4,240,2808,3048,2,12,,,,,,OK,31234.0,70277.5,15473.0,0.0,1.0,1.0,2.0,0.0
mTLS,FALCON512,MLKEM512,20,1121.3218,1120.938,6.1608,1111.552,1138.627,1130.102,1138.627,0.9,3519,3681,7200,4,14,,,,,,OK,5985.0,8570.5,15574.5,1002550.0,1.0,1.0,2.0,1.0
mTLS,FALCON512,MLKEM768,20,1133.85,1132.12,8.6348,1123.765,1156.156,1150.777,1156.156,0.9,3902,4000,7902,4,14,,,,,,OK,9331.5,13172.0,15593.0,1001382.5,1.0,1.0,2.0,1.0
mTLS,FALCON512,MLKEM1024,20,1173.2916,1147.4585,114.1095,1136.428,1669.65,1160.085,1669.65,0.9,4286,4481,8767,4,14,,,,,,OK,14411.5,19289.0,15542.0,1000634.0,1.0,1.0,2.0,1.0
mTLS,FALCON512,X25519MLKEM768,20,1254.7904,1251.42,17.7487,1241.44,1328.385,1259.224,1328.385,0.8,3934,3993,7927,4,14,,,,,,OK,66251.0,70124.5,15460.5,1003338.0,2.0,2.0,2.0,1.0
mTLS,FALCON512,SecP256r1MLKEM768,20,1247.6647,1236.977,24.6816,1229.394,1309.326,1307.793,1309.326,0.8,3967,4066,8033,4,14,,,,,,OK,40531.0,83379.5,15463.0,1000975.5,2.0,2.0,2.0,1.0
mTLS,FALCON512,SecP384r1MLKEM1024,20,1641.9464,1641.0815,4.6403,1635.175,1656.816,1647.282,1656.816,0.6,4382,4578,8960,4,14,,,,,,OK,168343.5,351655.5,15473.5,1002979.0,2.0,2.0,2.0,1.0
mTLS,FALCON512,SecP256r1MLKEM512,0,,,,,,,,,,,,,,,,,,,tls handshake failed: error state on socket,,,,,,,,
mTLS,FALCON512,x25519_mlkem512,0,,,,,,,,,,,,,,,,,,,tls handshake failed: received alert fatal error,,,,,,,,
mTLS,FALCON512,p384_mlkem768,20,1650.5856,1650.68,6.8305,1635.813,1666.14,1662.487,1666.14,0.6,3999,4098,8097,4,14,,,,,,OK,163255.0,345546.0,15480.0,1001171.0,2.0,2.0,2.0,1.0
mTLS,FALCON512,p521_mlkem1024,20,1888.9908,1887.1535,5.7572,1880.956,1906.534,1899.935,1906.534,0.5,4419,4614,9033,4,14,,,,,,OK,242222.0,492172.0,15587.0,1003429.0,2.0,2.0,2.0,1.0
mTLS,FALCON512,x448_mlkem768,20,1552.6254,1551.489,6.2423,1543.22,1567.303,1562.196,1567.303,0.6,3958,4056,8014,4,14,,,,,,OK,211732.5,215749.5,15489.5,1002972.0,2.0,2.0,2.0,1.0
mTLS,FALCON512,X25519,20,1218.1358,1215.539,6.3307,1209.925,1230.51,1229.14,1230.51,0.8,2750,2944,5694,4,14,,,,,,OK,57002.0,56927.5,15530.0,1002702.5,1.0,1.0,2.0,1.0
mTLS,FALCON512,secp256r1,20,1205.575,1203.609,5.8873,1195.291,1217.987,1216.167,1217.987,0.8,2784,2977,5761,4,14,,,,,,OK,31218.0,70521.5,15441.5,1002371.0,1.0,1.0,2.0,1.0
TLS,FALCON1024,MLKEM512,20,124.4245,123.6985,5.1624,116.444,131.289,131.058,131.289,8.0,975,5644,6619,2,12,,,,,,OK,6001.5,9803.5,31449.5,0.0,1.0,1.0,2.0,0.0
TLS,FALCON1024,MLKEM768,20,135.256,134.099,6.8901,128.411,159.033,141.521,159.033,7.4,1359,5964,7323,2,12,,,,,,OK,9244.0,14453.0,31377.0,0.0,1.0,1.0,2.0,0.0
TLS,FALCON1024,MLKEM1024,20,148.3271,145.791,5.5828,141.601,157.329,156.638,157.329,6.7,1743,6446,8189,2,12,,,,,,OK,14395.5,20736.5,31394.5,0.0,1.0,1.0,2.0,0.0
TLS,FALCON1024,X25519MLKEM768,20,254.5704,254.1085,7.7263,245.521,283.137,258.564,283.137,3.9,1391,5955,7346,2,12,,,,,,OK,66324.0,71643.5,31410.0,0.0,2.0,2.0,2.0,0.0
TLS,FALCON1024,SecP256r1MLKEM768,14,241.1414,239.5065,3.346,237.947,248.494,246.595,248.494,4.1,1424,6031,7455,2,12,,,,,,"PARTIAL: tls handshake failed: Buffer error, output too small or input too big",41851.5,84707.0,31382.0,0.0,2.0,2.0,2.0,0.0
TLS,FALCON1024,SecP384r1MLKEM1024,20,648.2206,646.9695,4.8561,641.777,662.911,654.705,662.911,1.5,1840,6542,8382,2,13,,,,,,OK,171442.0,353163.5,31353.0,0.0,2.0,2.0,2.0,0.0
TLS,FALCON1024,SecP256r1MLKEM512,0,,,,,,,,,,,,,,,,,,,tls handshake failed: received alert fatal error,,,,,,,,
TLS,FALCON1024,x25519_mlkem512,0,,,,,,,,,,,,,,,,,,,hung during TCP connect after 0 recorded connections (watchdog reset),,,,,,,,
TLS,FALCON1024,p384_mlkem768,20,678.591,661.54,72.7836,650.178,994.322,680.691,994.322,1.5,1456,6061,7517,2,12,,,,,,OK,166341.0,346805.0,31325.0,0.0,2.0,2.0,2.0,0.0
TLS,FALCON1024,p521_mlkem1024,20,882.3656,886.979,12.5776,864.854,899.57,896.378,899.57,1.1,1876,6578,8454,2,12,,,,,,OK,249359.5,493710.0,31482.5,0.0,2.0,2.0,2.0,0.0
TLS,FALCON1024,x448_mlkem768,20,554.9458,552.822,5.8801,547.441,574.341,561.698,574.341,1.8,1415,6020,7435,2,12,,,,,,OK,211664.5,217066.0,31321.5,0.0,2.0,2.0,2.0,0.0
TLS,FALCON1024,X25519,20,224.0111,222.8495,3.9419,219.228,235.934,229.02,235.934,4.5,207,4910,5117,2,12,,,,,,OK,57038.0,56967.5,31376.0,0.0,1.0,1.0,2.0,0.0
TLS,FALCON1024,secp256r1,20,215.3757,214.5305,4.1932,209.438,224.287,221.98,224.287,4.6,240,4942,5182,2,12,,,,,,OK,32514.5,70397.5,31364.5,0.0,1.0,1.0,2.0,0.0
mTLS,FALCON1024,MLKEM512,20,2329.9293,2329.8685,6.2066,2319.118,2345.866,2337.549,2345.866,0.4,5643,5814,11457,4,14,,,,,,OK,5984.0,9833.5,31411.0,2179576.5,1.0,1.0,2.0,1.0
mTLS,FALCON1024,MLKEM768,20,2344.3693,2341.164,17.0396,2331.595,2413.518,2355.709,2413.518,0.4,6028,6134,12162,4,14,,,,,,OK,9351.0,14512.5,31417.0,2180321.5,1.0,1.0,2.0,1.0
mTLS,FALCON1024,MLKEM1024,20,2353.1366,2352.323,8.5652,2339.988,2371.627,2368.144,2371.627,0.4,6411,6616,13027,4,15,,,,,,OK,14368.0,20773.0,31409.5,2180601.0,1.0,1.0,2.0,1.0
mTLS,FALCON1024,X25519MLKEM768,20,2457.8819,2455.6175,10.5458,2446.089,2493.271,2475.678,2493.271,0.4,6059,6128,12187,4,14,,,,,,OK,66364.5,71465.0,31258.0,2181307.0,2.0,2.0,2.0,1.0
mTLS,FALCON1024,SecP256r1MLKEM768,20,2447.4465,2446.5205,3.8356,2441.988,2457.534,2453.368,2457.534,0.4,6090,6200,12290,4,14,,,,,,OK,41793.0,84706.5,31466.0,2179056.5,2.0,2.0,2.0,1.0
mTLS,FALCON1024,SecP384r1MLKEM1024,20,2853.816,2850.819,12.8154,2840.403,2897.552,2869.762,2897.552,0.4,6508,6712,13220,4,15,,,,,,OK,171412.0,353189.5,31417.5,2180150.5,2.0,2.0,2.0,1.0
mTLS,FALCON1024,SecP256r1MLKEM512,0,,,,,,,,,,,,,,,,,,,tls handshake failed: received alert fatal error,,,,,,,,
mTLS,FALCON1024,x25519_mlkem512,0,,,,,,,,,,,,,,,,,,,tls handshake failed: received alert fatal error,,,,,,,,
mTLS,FALCON1024,p384_mlkem768,20,2867.8202,2863.682,29.8859,2845.813,2994.212,2875.031,2994.212,0.3,6124,6231,12355,4,14,,,,,,OK,166307.0,345730.0,31411.0,2179990.0,2.0,2.0,2.0,1.0
mTLS,FALCON1024,p521_mlkem1024,20,3112.8982,3112.6375,9.6048,3097.065,3133.863,3129.741,3133.863,0.3,6544,6748,13292,4,14,,,,,,OK,249407.0,493080.0,31419.0,2179514.0,2.0,2.0,2.0,1.0
mTLS,FALCON1024,x448_mlkem768,20,2761.655,2761.526,4.7154,2753.661,2770.351,2767.986,2770.351,0.4,6084,6192,12276,4,14,,,,,,OK,211541.5,217187.0,31390.5,2180013.0,2.0,2.0,2.0,1.0
mTLS,FALCON1024,X25519,20,2432.0998,2432.578,6.6939,2419.915,2452.099,2439.816,2452.099,0.4,4875,5077,9952,4,14,,,,,,OK,57030.0,56987.0,31447.5,2179781.5,1.0,1.0,2.0,1.0
mTLS,FALCON1024,secp256r1,20,2421.4687,2421.807,9.2407,2400.301,2440.817,2436.895,2440.817,0.4,4908,5111,10019,4,14,,,,,,OK,32496.5,70376.0,31415.0,2181859.5,1.0,1.0,2.0,1.0
