cpu,keccak,algorithm,keygen_insns,sign_insns,verify_insns,speedup_keygen,speedup_sign,speedup_verify,same_output,known_answers
cortex-m0plus,plain64,ML-DSA-44,3510960,6800640,3973160,1.000,1.000,1.000,True,OK
cortex-m0plus,plain64,ML-DSA-65,5865720,40643760,6390160,1.000,1.000,1.000,True,OK
cortex-m0plus,plain64,Falcon-512,376072120,125539400,1025000,1.000,1.000,1.000,True,OK
cortex-m0plus,plain64,SLH_DSA_PURE_SHAKE_128F,91895560,2148983400,125133520,1.000,1.000,1.000,True,OK
cortex-m0plus,plain64,SLH_DSA_PURE_SHA2_128F,30475800,712510720,41954920,1.000,1.000,1.000,True,OK
cortex-m0plus,plain64,MAYO-1,66874560,143372200,41216200,1.000,1.000,1.000,True,OK
cortex-m0plus,plain64,SNOVA_24_5_4,22931880,74681240,44014160,1.000,1.000,1.000,True,OK
cortex-m0plus,armv6m-u1,ML-DSA-44,2978680,6247760,3479800,1.179,1.088,1.142,True,OK
cortex-m0plus,armv6m-u1,ML-DSA-65,4920440,38364240,5523720,1.192,1.059,1.157,True,OK
cortex-m0plus,armv6m-u1,Falcon-512,374481080,125474480,965480,1.004,1.001,1.062,True,OK
cortex-m0plus,armv6m-u1,SLH_DSA_PURE_SHAKE_128F,80012200,1871793880,108968760,1.149,1.148,1.148,True,OK
cortex-m0plus,armv6m-u1,SLH_DSA_PURE_SHA2_128F,30475760,712510720,41954920,1.000,1.000,1.000,True,OK
cortex-m0plus,armv6m-u1,MAYO-1,66858440,143318520,41205080,1.000,1.000,1.000,True,OK
cortex-m0plus,armv6m-u1,SNOVA_24_5_4,22921440,74648760,44002840,1.000,1.000,1.000,True,OK
cortex-m0plus,armv6m-u2,ML-DSA-44,2928880,6196480,3433680,1.199,1.098,1.157,True,OK
cortex-m0plus,armv6m-u2,ML-DSA-65,4831880,38155000,5442680,1.214,1.065,1.174,True,OK
cortex-m0plus,armv6m-u2,Falcon-512,374368320,125468840,960400,1.005,1.001,1.067,True,OK
cortex-m0plus,armv6m-u2,SLH_DSA_PURE_SHAKE_128F,77902600,1822586120,106099160,1.180,1.179,1.179,True,OK
cortex-m0plus,armv6m-u2,SLH_DSA_PURE_SHA2_128F,30475760,712510760,41954920,1.000,1.000,1.000,True,OK
cortex-m0plus,armv6m-u2,MAYO-1,66857040,143313880,41204120,1.000,1.000,1.000,True,OK
cortex-m0plus,armv6m-u2,SNOVA_24_5_4,22920480,74645960,44001920,1.000,1.000,1.000,True,OK
cortex-m0plus,c32,ML-DSA-44,3580920,6862760,4031640,0.980,0.991,0.985,True,OK
cortex-m0plus,c32,ML-DSA-65,5990840,40805040,6499000,0.979,0.996,0.983,True,OK
cortex-m0plus,c32,Falcon-512,375638640,125542560,1028800,1.001,1.000,0.996,True,OK
cortex-m0plus,c32,SLH_DSA_PURE_SHAKE_128F,116558680,2724270400,158682280,0.788,0.789,0.789,True,OK
cortex-m0plus,c32,SLH_DSA_PURE_SHA2_128F,30475760,712510720,41954920,1.000,1.000,1.000,True,OK
cortex-m0plus,c32,MAYO-1,66873400,143367680,41214080,1.000,1.000,1.000,True,OK
cortex-m0plus,c32,SNOVA_24_5_4,22931840,74680280,44012920,1.000,1.000,1.000,True,OK
cortex-m33,plain64,ML-DSA-44,1681200,2317440,1691280,1.000,1.000,1.000,True,OK
cortex-m33,plain64,ML-DSA-65,2906360,11544880,2834600,1.000,1.000,1.000,True,OK
cortex-m33,plain64,Falcon-512,87730080,41259480,549400,1.000,1.000,1.000,True,OK
cortex-m33,plain64,SLH_DSA_PURE_SHAKE_128F,58278440,1363840080,79360440,1.000,1.000,1.000,True,OK
cortex-m33,plain64,SLH_DSA_PURE_SHA2_128F,10167320,238468120,14043960,1.000,1.000,1.000,True,OK
cortex-m33,plain64,MAYO-1,23523560,35107880,21467600,1.000,1.000,1.000,True,OK
cortex-m33,plain64,SNOVA_24_5_4,14293400,49605760,30383400,1.000,1.000,1.000,True,OK
cortex-m33,armv7m,ML-DSA-44,1247360,1868960,1289440,1.348,1.240,1.312,True,OK
cortex-m33,armv7m,ML-DSA-65,2136520,9702520,2129520,1.360,1.190,1.331,True,OK
cortex-m33,armv7m,Falcon-512,86535040,41205560,499800,1.014,1.001,1.099,True,OK
cortex-m33,armv7m,SLH_DSA_PURE_SHAKE_128F,44835080,1050262200,61073640,1.300,1.299,1.299,True,OK
cortex-m33,armv7m,SLH_DSA_PURE_SHA2_128F,10167360,238468080,14043960,1.000,1.000,1.000,True,OK
cortex-m33,armv7m,MAYO-1,23510880,35065480,21458840,1.001,1.001,1.000,True,OK
cortex-m33,armv7m,SNOVA_24_5_4,14285080,49579520,30374320,1.001,1.001,1.000,True,OK
cortex-m33,c32,ML-DSA-44,1750400,2386520,1754560,0.960,0.971,0.964,True,OK
cortex-m33,c32,ML-DSA-65,3029120,11811760,2946240,0.959,0.977,0.962,True,OK
cortex-m33,c32,Falcon-512,87835840,41278200,567760,0.999,1.000,0.968,True,OK
cortex-m33,c32,SLH_DSA_PURE_SHAKE_128F,66039520,1544873880,89917720,0.882,0.883,0.883,True,OK
cortex-m33,c32,SLH_DSA_PURE_SHA2_128F,10167360,238468120,14043960,1.000,1.000,1.000,True,OK
cortex-m33,c32,MAYO-1,23524880,35112360,21468280,1.000,1.000,1.000,True,OK
cortex-m33,c32,SNOVA_24_5_4,14294440,49608880,30384320,1.000,1.000,1.000,True,OK
