Board,Algorithm,pk,sk,sigMax,sig,keygen_mean_us,keygen_median_us,keygen_std_us,keygen_mean_cyc,keygen_median_cyc,keygen_ops_s,sign_mean_us,sign_median_us,sign_std_us,sign_mean_cyc,sign_median_cyc,sign_ops_s,verify_mean_us,verify_median_us,verify_std_us,verify_mean_cyc,verify_median_cyc,verify_ops_s,status,Library
rp2040,ML-DSA-44 (wolfSSL),1312,2560,2420,2420,25061,24994,273,5012200,4998800,39.9026,213366,208155,166491,42673200,41631000,4.6868,27105,27100,16,5421000,5420000,36.8936,OK,wolfssl
rp2040,ML-DSA-65 (wolfSSL),1952,4032,3309,3309,41674,41608,262,8334800,8321600,23.9958,252499,209192,159146,50499800,41838400,3.9604,44794,44783,24,8958800,8956600,22.3244,OK,wolfssl
rp2040,ML-DSA-87 (wolfSSL),2592,4896,4627,4627,69995,69937,255,13999000,13987400,14.2867,546523,419089,442464,109304600,83817800,1.8297,74104,74106,20,14820800,14821200,13.4945,OK,wolfssl
rp2040,SLH-DSA-SHA2-128f (wolfSSL),32,64,17088,17088,230636,230455,364,46127200,46091000,4.3358,5395123,5395109,127,1079024600,1079021800,0.1854,325590,321915,6864,65118000,64383000,3.0713,OK,wolfssl
rp2040,SLH-DSA-SHA2-128s (wolfSSL),32,64,7856,7856,14714605,14714430,351,2942921000,2942886000,0.068,111935058,111934895,873,912175120,912142520,0.0089,114279,113797,3086,22855800,22759400,8.7505,OK,wolfssl
rp2040,SLH-DSA-SHAKE-128f (wolfSSL),32,64,17088,17088,704486,704297,392,140897200,140859400,1.4195,16505620,16505620,104,3301124000,3301124000,0.0606,997124,992916,15705,199424800,198583200,1.0029,OK,wolfssl
rp2040,ECDSA-P256 (wolfSSL),64,32,141,71,30657,30609,201,6131400,6121800,32.619,42208,42197,42,8441600,8439400,23.6922,95715,95705,46,19143000,19141000,10.4477,OK,wolfssl
rp2040,RSA-2048 (wolfSSL),256,256,256,256,61746291,58898660,17770346,3759323608,3189797408,0.0162,966602,966597,15,193320400,193319400,1.0346,25651,25683,60,5130200,5136600,38.9848,OK,wolfssl
rp2040,ML-DSA-44 (liboqs),1312,2560,2420,2420,279136,280081,3065,55827200,56016200,3.5825,623741,478599,362236,124748200,95719800,1.6032,263259,263242,56,52651800,52648400,3.7985,OK,liboqs
rp2040,ML-DSA-65 (liboqs),1952,4032,3309,3309,494839,494772,242,98967800,98954400,2.0209,1002746,869726,418079,200549200,173945200,0.9973,458883,458880,90,91776600,91776000,2.1792,OK,liboqs
rp2040,ML-DSA-87 (liboqs),2592,4896,4627,4627,861808,862713,3012,172361600,172542600,1.1604,1227961,1274464,249497,245592200,254892800,0.8144,812710,812692,115,162542000,162538400,1.2305,OK,liboqs
rp2040,Falcon-512 (liboqs),897,1281,752,655,9198125,7295258,5462122,1839625000,1459051600,0.1087,754859,754819,1292,150971800,150963800,1.3248,33898,33900,31,6779600,6780000,29.5003,OK,liboqs
rp2040,Falcon-1024 (liboqs),1793,2305,1462,1273,21098078,17257266,14218757,4219615600,3451453200,0.0474,1634771,1634448,1933,326954200,326889600,0.6117,62446,62448,24,12489200,12489600,16.0138,OK,liboqs
rp2040,SLH-DSA-SHA2-128f (liboqs),32,64,17088,17088,172302,171943,519,34460400,34388600,5.8038,4023212,4023484,563,804642400,804696800,0.2486,242486,247303,6866,48497200,49460600,4.1239,OK,liboqs
rp2040,SLH-DSA-SHA2-128s (liboqs),32,64,7856,7856,10991790,10991790,518,2198358000,2198358000,0.091,83785456,83785456,626,3872189312,3872189312,0.0119,84030,84030,263,16806000,16806000,11.9005,OK,liboqs
rp2040,SLH-DSA-SHAKE-128f (liboqs),32,64,17088,17088,641045,640734,466,128209000,128146800,1.56,14982170,14984215,3023,2996434000,2996843000,0.0667,904141,918981,25558,180828200,183796200,1.106,OK,liboqs
rp2040,SLH-DSA-SHAKE-128s (liboqs),32,64,7856,7856,41004640,41004640,468,3905960704,3905960704,0.0244,312457132,312457132,4083,2361884256,2361884256,0.0032,303833,303833,1084,60766600,60766600,3.2913,OK,liboqs
rp2040,MAYO-1 (liboqs),1420,24,454,454,400605,400523,234,80121000,80104600,2.4962,785649,785650,20,157129800,157130000,1.2728,292232,292224,23,58446400,58444800,3.4219,OK,liboqs
rp2040,MQOM2-L1-gf16-fast-3r memopt (liboqs),60,88,3484,3484,1287163,1287076,365,257432600,257415200,0.7769,9208385,8971985,982869,1841677000,1794397000,0.1086,7724824,7724796,360,1544964800,1544959200,0.1295,OK,liboqs
rp2040,ECDSA-P256 (BearSSL),64,32,64,64,99919,99898,72,19983800,19979600,10.0081,127941,127931,54,25588200,25586200,7.8161,262311,262304,35,52462200,52460800,3.8123,OK,bearssl
rp2040,ECDSA-P384 (BearSSL),96,48,96,96,747527,747508,47,149505400,149501600,1.3377,831364,831360,24,166272800,166272000,1.2028,1495985,1495984,9,299197000,299196800,0.6685,OK,bearssl
rp2040,ECDSA-P521 (BearSSL),132,66,132,132,1688016,1687994,48,337603200,337598800,0.5924,1875508,1875502,28,375101600,375100400,0.5332,3378237,3378235,8,675647400,675647000,0.296,OK,bearssl
rp2040,Ed25519,32,32,64,64,153355,153305,209,30671000,30661000,6.5208,153821,153818,16,30764200,30763600,6.5011,248422,248698,3724,49684400,49739600,4.0254,OK,rweather-crypto
rp2040,Ed448 (RFC 8032),57,57,114,114,105211,105170,209,21042200,21034000,9.5047,107865,107863,33,21573000,21572600,9.2708,301741,301416,1378,60348200,60283200,3.3141,OK,openssl-goldilocks
rp2040,RSA-2048/SHA-256,256,,256,256,127391894,73324394,91136032,4003542320,1779976912,0.0078,1845901,1845878,40,369180200,369175600,0.5417,40741,40726,22,8148200,8145200,24.5453,OK,bearssl
rp2040,RSA-3072/SHA-384,384,,384,384,529387135,577978412,125761208,2798211896,3926532704,0.0019,6572978,6572966,38,1314595600,1314593200,0.1521,100114,100097,24,20022800,20019400,9.9886,OK,bearssl
rp2040,ML-DSA-44,1312,2560,2420,2420,27661,27597,351,5532200,5519400,36.152,91549,64981,51607,18309800,12996200,10.9231,30474,30472,13,6094800,6094400,32.8149,OK,mldsa-native
rp2040,ML-DSA-65,1952,4032,3309,3309,47489,47436,238,9497800,9487200,21.0575,155745,128695,91905,31149000,25739000,6.4208,49906,49901,18,9981200,9980200,20.0377,OK,mldsa-native
rp2040,ML-DSA-87,2592,4896,4627,4627,78664,78628,408,15732800,15725600,12.7123,202494,184019,78511,40498800,36803800,4.9384,82821,82821,16,16564200,16564200,12.0742,OK,mldsa-native
rp2040,Falcon-512,897,1281,752,655,3562103,3335720,1169433,712420600,667144000,0.2807,911712,911532,2528,182342400,182306400,1.0968,8204,8208,8,1640800,1641600,121.8918,OK,pqclean
rp2040,Falcon-1024,1793,2305,1462,1270,9482893,8315044,3002301,1896578600,1663008800,0.1055,1984018,1984307,2678,396803600,396861400,0.504,16282,16282,9,3256400,3256400,61.4175,OK,pqclean
rp2040,HAWK-512,1024,184,555,555,774756,723880,184432,154951200,144776000,1.2907,26773,26771,16,5354600,5354200,37.3511,30953,30954,15,6190600,6190800,32.307,OK,reference
rp2040,HAWK-1024,2440,360,1221,1221,3880795,3385224,1310012,776159000,677044800,0.2577,62895,62886,31,12579000,12577200,15.8995,66136,66135,21,13227200,13227000,15.1204,OK,reference
rp2040,QR-UOV-cat1,24256,32,200,200,12580566,12580426,441,2516113200,2516085200,0.0795,1196422,1196381,130,239284400,239276200,0.8358,1084545,1084547,33,216909000,216909400,0.922,OK,reference
rp2040,SLH-DSA-SHA2-128f,32,64,17088,17088,346830,346686,430,69366000,69337200,2.8833,8125044,8125117,420,1625008800,1625023400,0.1231,483601,481622,9197,96720200,96324400,2.0678,OK,pqclean
rp2040,SLH-DSA-SHAKE-128f,32,64,17088,17088,945877,945778,346,189175400,189155600,1.0572,22133580,22133674,258,131748704,131767504,0.0452,1313740,1325966,24973,262748000,265193200,0.7612,OK,pqclean
rp2040,SLH-DSA-SHA2-192f,48,96,35664,35664,761220,761233,243,152244000,152246600,1.3137,44999197,44999130,1215,409904808,409891408,0.0222,2223088,2224107,12825,444617600,444821400,0.4498,OK,pqclean
rp2040,SLH-DSA-SHAKE-192f,48,96,35664,35664,1389848,1389757,322,277969600,277951400,0.7195,35926493,35926476,414,2890331304,2890327904,0.0278,1922499,1901666,42709,384499800,380333200,0.5202,OK,pqclean
rp2040,SLH-DSA-SHA2-256f,64,128,49856,49856,2214580,2214589,175,442916000,442917800,0.4516,97842150,97842899,1694,2388560816,2388710616,0.0102,2622170,2624277,11148,524434000,524855400,0.3814,OK,pqclean
rp2040,SLH-DSA-SHAKE-256f,64,128,49856,49856,3683973,3683885,322,736794600,736777000,0.2714,74068213,74068253,352,1928740712,1928748712,0.0135,1937637,1940888,30234,387527400,388177600,0.5161,OK,pqclean
rp2040,SLH-DSA-SHA2-128s,32,64,7856,7856,22150173,22149385,1497,135067304,134909704,0.0451,168608696,168609429,1668,3656968128,3657114728,0.0059,167978,166424,2947,33595600,33284800,5.9532,OK,pqclean
rp2040,SLH-DSA-SHAKE-128s,32,64,7856,7856,60468713,60468370,486,3503808008,3503739408,0.0165,459340677,459340408,1017,1673822184,1673768384,0.0022,445344,441182,8206,89068800,88236400,2.2455,OK,pqclean
rp2040,SLH-DSA-SHAKE-192s,48,96,16224,16224,88938299,88938160,444,607790616,607762816,0.0112,799168565,799168747,807,919923048,919959448,0.0013,662023,649325,22495,132404600,129865000,1.5105,OK,pqclean
rp2040,SLH-DSA-SHA2-256s,64,128,29792,29792,35103202,35103277,144,2725673104,2725688104,0.0285,1492242880,1492241758,7573,2095832576,2095608176,0.0007,1768781,1769840,9485,353756200,353968000,0.5654,OK,pqclean
rp2040,SLH-DSA-SHAKE-256s,64,128,29792,29792,58940421,58940076,729,3198149608,3198080608,0.017,701716355,701716053,729,2904317528,2904257128,0.0014,977282,961382,27109,195456400,192276400,1.0232,OK,pqclean
rp2040,MAYO-1,1420,24,454,454,427185,427070,338,85437000,85414000,2.3409,835983,835959,85,167196600,167191800,1.1962,317380,317373,27,63476000,63474600,3.1508,OK,liboqs-port
rp2040,MQOM2-L1-gf256-fast-3r,80,128,4164,4164,232373,232321,214,46474600,46464200,4.3034,6124632,5529281,1101515,1224926400,1105856200,0.1633,3505720,3505601,325,701144000,701120200,0.2852,OK,reference
rp2040,MQOM2-L1-gf256-fast-5r,80,128,3620,3620,232762,232724,195,46552400,46544800,4.2962,5366823,5139922,603210,1073364600,1027984400,0.1863,3385609,3385611,224,677121800,677122200,0.2954,OK,reference
rp2040,MQOM2-L1-gf256-short-3r,80,128,3540,3540,200722,200696,200,40144400,40139200,4.982,24132906,23921338,683921,531613904,489300304,0.0414,16609732,16609792,695,3321946400,3321958400,0.0602,OK,reference
rp2040,MQOM2-L1-gf256-short-5r,80,128,3156,3156,200687,200656,183,40137400,40131200,4.9829,22010861,21668534,573588,107204904,38739504,0.0454,15839809,15839842,522,3167961800,3167968400,0.0631,OK,reference
rp2040,MQOM2-L1-gf16-fast-3r,60,88,3484,3484,198033,197985,169,39606600,39597000,5.0497,6547090,6436525,1165004,1309418000,1287305000,0.1527,3211868,3211876,295,642373600,642375200,0.3113,OK,reference
rp2040,MQOM2-L1-gf16-fast-5r,60,88,3280,3280,198156,198118,193,39631200,39623600,5.0465,5781652,5521263,855080,1156330400,1104252600,0.173,3144093,3144099,227,628818600,628819800,0.3181,OK,reference
rp2040,MQOM2-L1-gf16-short-3r,60,88,3060,3060,151497,151451,190,30299400,30290200,6.6008,21882842,21718232,684847,81601104,48679104,0.0457,15682295,15682181,566,3136459000,3136436200,0.0638,OK,reference
rp2040,MQOM2-L1-gf16-short-5r,60,88,2916,2916,151498,151459,192,30299600,30291800,6.6007,20712144,20735271,369916,4142428800,4147054200,0.0483,15286633,15286748,618,3057326600,3057349600,0.0654,OK,reference
rp2040,SDitH-thr-cat1,132,432,10684,10332,333144,333107,195,66628800,66621400,3.0017,19972429,19972575,882,3994485800,3994515000,0.0501,1035882,1036916,9355,207176400,207383200,0.9654,OK,reference
rp2040,MAYO-2 (liboqs),,,,,,,,,,,,,,,,,,,,,,,STUCK_NO_PROGRESS(likely mem/stack),liboqs
rp2350,UOV-Ip-pkc (liboqs),,,,,,,,,,,,,,,,,,,,,,,UPLOAD_FAIL: /Volumes/RP2350 did not mount (board may need a manual BOOTSEL),liboqs
rp2040,RSA-4096/SHA-512,512,,512,512,2662192016,2904068857,1296636160,4157425792,993186440,0.0004,18212921,18212902,38,3642584200,3642580400,0.0549,176144,176139,26,35228800,35227800,5.6772,OK,bearssl
rp2040,UOV-Ip (sign/vrfy),278432,237896,128,128,,,,,,,60124,60078,195,12024800,12015600,16.6323,31018,31017,20,6203600,6203400,32.2393,PARTIAL,reference
rp2040,SLH-DSA-SHA2-192s,48,96,16224,16224,49245203,49246138,1443,1259106008,1259293008,0.0203,1281102732,1281106999,8043,2817475936,2818329336,0.0008,1268954,1267571,9375,253790800,253514200,0.7881,OK,pqclean
rp2040,"MQTT KEM exchange, default X25519 (wolfSSL)",,,,,,,,,,,,,,,,,,,,,,,OK (5 MQTT blocks),wolfssl+bearssl+ascon-c
rp2040,Ed25519 (wolfSSL),32,32,64,64,24790,24749,182,4958000,4949800,40.3388,26721,26710,27,5344200,5342000,37.4237,65339,65509,529,13067800,13101800,15.3048,OK,wolfssl
rp2040,Falcon-512 (wolfSSL),897,1281,666,650,2989542,2972475,573992,597908400,594495000,0.3345,991018,991685,1626,198203600,198337000,1.0091,6938,7001,78,1387600,1400200,144.1338,OK,wolfssl
rp2040,Falcon-1024 (wolfSSL),1793,2305,1280,1272,7406018,7589549,604262,1481203600,1517909800,0.135,2163584,2163140,3735,432716800,432628000,0.4622,14389,14416,56,2877800,2883200,69.4975,OK,wolfssl
rp2040,MQTT/TLS RSA-2048 (wolfSSL),,,,,,,,,,,,,,,,,,,,,,,16/83 blocks failed: hung during TCP connect after 24 recorded connections (watchdog reset),wolfssl+bearssl+ascon-c
rp2040,MQTT/TLS RSA-3072 (wolfSSL),,,,,,,,,,,,,,,,,,,,,,,17/83 blocks failed: hung during TCP connect after 0 recorded connections (watchdog reset),wolfssl+bearssl+ascon-c
rp2040,MQTT/TLS ECDSA-P256 (wolfSSL),,,,,,,,,,,,,,,,,,,,,,,10/83 blocks failed: hung during TCP connect after 5 recorded connections (watchdog reset),wolfssl+bearssl+ascon-c
rp2040,MQTT/TLS Ed25519 (wolfSSL),,,,,,,,,,,,,,,,,,,,,,,14/83 blocks failed: hung during TCP connect after 4 recorded connections (watchdog reset),wolfssl+bearssl+ascon-c
rp2040,MQTT/TLS ML-DSA-65 (wolfSSL),,,,,,,,,,,,,,,,,,,,,,,16/83 blocks failed: hung during TCP connect after 25 recorded connections (watchdog reset),wolfssl+bearssl+ascon-c
rp2040,MQTT/TLS ML-DSA-87 (wolfSSL),,,,,,,,,,,,,,,,,,,,,,,15/83 blocks failed: hung during TCP connect after 10 recorded connections (watchdog reset),wolfssl+bearssl+ascon-c
rp2040,MQTT/TLS Falcon-512 (wolfSSL),,,,,,,,,,,,,,,,,,,,,,,18/83 blocks failed: hung during TCP connect after 16 recorded connections (watchdog reset),wolfssl+bearssl+ascon-c
rp2040,MQTT/TLS Falcon-1024 (wolfSSL),,,,,,,,,,,,,,,,,,,,,,,13/83 blocks failed: hung during TCP connect after 20 recorded connections (watchdog reset),wolfssl+bearssl+ascon-c
rp2040,MQTT KEM exchange (wolfSSL),,,,,,,,,,,,,,,,,,,,,,,OK (5 MQTT blocks),wolfssl+bearssl+ascon-c
rp2040,"MQTT KEM exchange, small X25519 (wolfSSL)",,,,,,,,,,,,,,,,,,,,,,,OK (5 MQTT blocks),wolfssl+bearssl+ascon-c
rp2040,MQTT/TLS ML-DSA-44 (wolfSSL),,,,,,,,,,,,,,,,,,,,,,,16/83 blocks failed: hung during TCP connect after 32 recorded connections (watchdog reset),wolfssl+bearssl+ascon-c
rp2040,SNOVA_I_K round 3 (liboqs),376,96,528,528,769513,769418,303,153902600,153883600,1.2995,1465685,1333565,396420,293137000,266713000,0.6823,991181,991174,142,198236200,198234800,1.0089,OK,liboqs-r3
rp2040,SNOVA_I_B round 3 (liboqs),656,96,388,388,738450,738360,277,147690000,147672000,1.3542,1140362,1140376,113,228072400,228075200,0.8769,854352,854395,124,170870400,170879000,1.1705,OK,liboqs-r3
rp2040,SNOVA_I_S round 3 (liboqs),1016,96,272,272,807492,807410,321,161498400,161482000,1.2384,1194018,997186,393793,238803600,199437200,0.8375,792713,792719,114,158542600,158543800,1.2615,OK,liboqs-r3
rp2040,SNOVA_III_K round 3 (liboqs),912,96,688,688,1870934,1870857,364,374186800,374171400,0.5345,3073534,3073579,172,614706800,614715800,0.3254,2292016,2291986,139,458403200,458397200,0.4363,OK,liboqs-r3
rp2040,SNOVA_III_B round 3 (liboqs),1416,96,532,532,2006504,2006453,354,401300800,401290600,0.4984,3172513,2885586,860985,634502600,577117200,0.3152,2213348,2213285,193,442669600,442657000,0.4518,OK,liboqs-r3
rp2040,SNOVA_III_S round 3 (liboqs),2032,96,456,456,2158152,2158091,250,431630400,431618200,0.4634,3158296,2873008,856182,631659200,574601600,0.3166,2222218,2222240,247,444443600,444448000,0.45,OK,liboqs-r3
rp2040,SNOVA_V_K round 3 (liboqs),1216,96,896,896,2705262,2705235,344,541052400,541047000,0.3696,4888724,4888757,212,977744800,977751400,0.2046,3549885,3549885,177,709977000,709977000,0.2817,OK,liboqs-r3
rp2040,SNOVA_V_B round 3 (liboqs),1891,96,691,691,2896122,2896061,464,579224400,579212200,0.3453,4937419,4490418,1340895,987483800,898083600,0.2025,3353844,3353768,232,670768800,670753600,0.2982,OK,liboqs-r3
rp2040,SNOVA_V_S round 3 (liboqs),2716,96,591,591,3099422,3099372,285,619884400,619874400,0.3226,5329613,4445345,1768653,1065922600,889069000,0.1876,3339515,3339482,166,667903000,667896400,0.2994,OK,liboqs-r3
rp2040,MQOM3-cat1_gf16_fast_ct round 3 (liboqs),64,96,3316,3316,571432,571344,264,114286400,114268800,1.75,5220500,5198826,52528,1044100000,1039765200,0.1916,5018478,5018465,217,1003695600,1003693000,0.1993,OK,liboqs-r3
rp2040,MQOM3-cat1_gf16_short_ct round 3 (liboqs),64,96,2932,2932,406784,406716,265,81356800,81343200,2.4583,23709122,23680279,66733,446857104,441088504,0.0422,23586684,23586619,1251,422369504,422356504,0.0424,OK,liboqs-r3
rp2040,MQOM3-cat1_gf2_shorter_ct round 3 (liboqs),52,72,2492,2492,785950,785888,284,157190000,157177600,1.2723,61063091,49912362,21809218,3622683608,1392537808,0.0164,40058233,40058241,1079,3716679304,3716680904,0.025,OK,liboqs-r3
rp2040,MAYO-1 round 3 (liboqs),,,,,,,,,,,,,,,,,,,,,,,STUCK_NO_PROGRESS(likely mem/stack) - hung: the board reset itself into BOOTSEL,liboqs-r3
rp2040,MAYO-2 round 3 (liboqs),,,,,,,,,,,,,,,,,,,,,,,STUCK_NO_PROGRESS(likely mem/stack) - hung: the board reset itself into BOOTSEL,liboqs-r3
